alpha_id,asset,passed,fail_reason,is_final_candidate_alpha,rank,score,coverage,train_blocks,train_ic,train_rank_ic,train_icir,train_sharpe,val_ic,val_return,oos_ic,oos_rank_ic,oos_icir,oos_sharpe,oos_return,oos_max_dd,oos_turnover_per_bar,oos_trade_count,oos_blocks,wf_positive,wf_total,wf_frac,stability_frac,one_way_bps,slippage_bps,check_dataset_gate,check_factor_computable,check_train_ic,check_train_rank_ic,check_train_icir,check_train_performance,check_validation_performance,check_oos_performance,check_max_drawdown,check_turnover_cap,check_walk_forward,check_stability,check_no_lookahead,check_oos_isolated,check_transaction_cost,check_slippage
Alpha001,000688.SH,False,train_ic,False,,,0.94,14.0,-0.0174,-0.0028,-0.094,-2.31,0.0198,-0.21030000000000001,-0.0444,-0.033,-0.524,-1.2575,-0.178635,-0.225562,0.42069,274,11,1,6,0.17,0.25,8.0,3.0,True,True,False,False,False,False,False,False,True,True,False,False,True,True,True,True
Alpha001,AG,False,train_ic,False,,,0.98,40.0,-0.0044,-0.0106,0.066,-4.69,-0.0541,-0.3556,-0.0204,-0.0233,-0.2188,-3.4164,-0.507432,-0.519955,0.400531,680,29,0,6,0.0,0.5,8.0,4.0,True,True,False,False,False,False,False,False,False,True,False,False,True,True,True,True
Alpha001,AU,False,train_performance,False,,,0.98,40.0,-0.1087,-0.1107,-0.984,-2.11,-0.122,-0.0148,-0.1087,-0.0946,-1.1871,-1.529,-0.176893,-0.248038,0.404067,686,29,1,6,0.17,1.0,6.0,3.0,True,True,True,True,True,False,False,False,True,True,False,True,True,True,True,True
Alpha001,EURUSD,True,,False,21,0.9358,0.99,76.0,-0.2709,-0.2629,-3.22,9.31,-0.2682,0.5473,-0.2476,-0.2426,-2.8245,9.5489,1.087424,-0.010155,0.212803,666,52,6,6,1.0,1.0,1.5,0.5,True,True,True,True,True,True,True,True,True,True,True,True,True,True,True,True
Alpha001,HSTECH,False,train_performance,False,,,0.95,18.0,-0.0354,-0.0367,-0.313,-1.99,-0.0626,-0.18030000000000002,-0.0095,-0.0063,-0.0827,-3.3696,-0.442683,-0.445472,0.427203,334,13,1,6,0.17,1.0,9.0,4.0,True,True,True,True,True,False,False,False,True,True,False,True,True,True,True,True
Alpha001,NVDA,False,train_icir,False,,,0.95,21.0,-0.0328,-0.0281,-0.207,-0.65,-0.0332,-0.069,-0.0368,-0.0291,-0.2433,-0.2306,-0.060733,-0.16894,0.428024,391,15,3,6,0.5,0.75,5.0,3.0,True,True,True,True,False,False,False,False,True,True,False,True,True,True,True,True
Alpha001,QQQ,False,train_performance,False,,,0.95,21.0,-0.0313,-0.0334,-0.308,0.3,-0.0162,-0.0789,-0.0537,-0.0563,-0.4837,0.0119,-0.007158,-0.161427,0.388615,355,15,3,6,0.5,0.5,3.0,2.0,True,True,True,True,True,False,False,False,True,True,False,False,True,True,True,True
Alpha001,SPY,False,train_performance,False,,,0.95,21.0,-0.0472,-0.0465,-0.55,0.12,-0.0083,-0.08560000000000001,-0.052,-0.0482,-0.4839,-0.5374,-0.065975,-0.128956,0.437329,400,15,2,6,0.33,1.0,3.0,2.0,True,True,True,True,True,False,False,False,True,True,False,True,True,True,True,True
Alpha001,XAUUSD,False,train_performance,False,,,0.99,76.0,-0.112,-0.1096,-1.048,-0.85,-0.1006,-0.177,-0.0798,-0.0737,-0.7295,-2.771,-0.433884,-0.482562,0.412995,1294,52,3,6,0.5,1.0,6.0,2.5,True,True,True,True,True,False,False,False,True,True,False,True,True,True,True,True
Alpha002,000688.SH,False,train_performance,False,,,0.94,14.0,0.0501,0.042,0.817,-1.15,-0.0069,-0.1534,0.0423,0.0395,0.4275,-0.6288,-0.083236,-0.159432,0.197701,129,11,3,6,0.5,1.0,8.0,3.0,True,True,True,True,True,False,False,False,True,True,False,True,True,True,True,True
Alpha002,AG,False,train_ic,False,,,0.98,40.0,-0.0061,-0.0045,-0.063,-2.53,-0.0029,-0.2175,0.0054,0.006,-0.0082,-2.6996,-0.396896,-0.410576,0.187739,318,29,1,6,0.17,0.5,8.0,4.0,True,True,False,False,False,False,False,False,True,True,False,False,True,True,True,True
Alpha002,AU,False,train_ic,False,,,0.98,40.0,0.0001,0.0009,0.036,-2.82,0.0204,-0.1454,0.0305,0.0335,0.1353,-2.2109,-0.250901,-0.322457,0.198055,336,29,0,6,0.0,0.5,6.0,3.0,True,True,False,False,False,False,False,False,True,True,False,False,True,True,True,True
Alpha002,EURUSD,False,train_ic,False,,,0.99,76.0,-0.0075,-0.005,-0.037,-1.05,0.0315,-0.18710000000000002,-0.0238,-0.0206,-0.1182,-0.6888,-0.086344,-0.199839,0.204662,641,52,3,6,0.5,0.75,1.5,0.5,True,True,False,False,False,False,False,False,True,True,False,True,True,True,True,True
Alpha002,HSTECH,False,train_icir,False,,,0.95,18.0,0.0278,0.0345,0.266,0.11,0.073,-0.0144,-0.0121,-0.0086,0.0344,-2.0494,-0.319889,-0.379593,0.187101,146,13,2,6,0.33,0.5,9.0,4.0,True,True,True,True,False,False,False,False,True,True,False,False,True,True,True,True
Alpha002,NVDA,False,train_ic,False,,,0.95,21.0,-0.006,-0.0025,-0.024,-0.82,0.053,-0.30469999999999997,0.0322,0.0314,0.3901,-2.4507,-0.383185,-0.417963,0.194855,178,15,3,6,0.5,0.5,5.0,3.0,True,True,False,False,False,False,False,False,True,True,False,False,True,True,True,True
Alpha002,QQQ,False,train_ic,False,,,0.95,21.0,0.0169,0.0119,0.056,-0.12,0.0068,-0.028300000000000002,0.0371,0.0363,0.3715,0.2029,0.0187,-0.081354,0.184455,168,15,3,6,0.5,0.5,3.0,2.0,True,True,False,False,False,False,False,False,True,True,False,False,True,True,True,True
Alpha002,SPY,False,train_icir,False,,,0.95,21.0,-0.0219,-0.0213,-0.26,-0.05,0.0092,-0.0592,-0.0003,0.0023,0.0332,-0.4287,-0.055584,-0.087479,0.192118,176,15,2,6,0.33,1.0,3.0,2.0,True,True,True,True,False,False,False,False,True,True,False,True,True,True,True,True
Alpha002,XAUUSD,False,train_ic,False,,,0.99,76.0,0.0042,0.0024,0.099,-2.46,-0.0152,-0.3644,-0.0119,-0.0142,-0.0684,-5.2305,-0.594145,-0.594145,0.20067,628,52,1,6,0.17,0.75,6.0,2.5,True,True,False,False,False,False,False,False,False,True,False,True,True,True,True,True
Alpha003,000688.SH,False,train_performance,False,,,0.93,14.0,-0.0305,-0.0255,-0.324,-0.73,-0.0519,0.0015,0.0032,-0.0012,-0.0119,-2.3486,-0.25517,-0.340462,0.170115,111,11,4,6,0.67,0.75,8.0,3.0,True,True,True,True,True,False,True,False,True,True,True,True,True,True,True,True
Alpha003,AG,False,train_ic,False,,,0.97,40.0,0.0016,-0.0006,-0.037,-2.69,-0.024,-0.2925,0.0073,0.0037,0.0504,-1.5676,-0.280995,-0.327973,0.164751,280,29,0,6,0.0,0.75,8.0,4.0,True,True,False,False,False,False,False,False,True,True,False,True,True,True,True,True
Alpha003,AU,False,train_icir,False,,,0.97,40.0,-0.0256,-0.0237,-0.23,-2.31,-0.0068,-0.17739999999999997,-0.0371,-0.0396,-0.1971,-2.0193,-0.224129,-0.283797,0.189803,322,29,1,6,0.17,0.75,6.0,3.0,True,True,True,True,False,False,False,False,True,True,False,True,True,True,True,True
Alpha003,EURUSD,False,train_icir,False,,,0.98,76.0,0.0293,0.0315,0.203,-0.55,0.0072,-0.07730000000000001,0.0002,-0.0022,-0.0119,-1.061,-0.121016,-0.129042,0.188857,592,52,2,6,0.33,0.75,1.5,0.5,True,True,True,True,False,False,False,False,True,True,False,True,True,True,True,True
Alpha003,HSTECH,False,train_ic,False,,,0.94,18.0,-0.0195,-0.0184,0.0,-0.55,-0.0449,0.057699999999999994,0.0259,0.0277,0.2356,-1.8365,-0.265005,-0.334113,0.166667,130,13,4,6,0.67,0.75,9.0,4.0,True,True,False,False,False,False,True,False,True,True,True,True,True,True,True,True
Alpha003,NVDA,False,train_icir,False,,,0.95,21.0,-0.0292,-0.0223,-0.112,0.21,-0.0724,0.1257,0.022,0.0199,0.2639,-1.6263,-0.248169,-0.273076,0.18555,170,15,5,6,0.83,0.75,5.0,3.0,True,True,True,True,False,False,True,False,True,True,True,True,True,True,True,True
Alpha003,QQQ,False,train_ic,False,,,0.95,21.0,-0.0109,-0.0148,-0.139,-0.64,-0.0329,-0.056299999999999996,-0.0595,-0.0537,-0.4749,1.2302,0.167154,-0.120424,0.171866,157,15,2,6,0.33,0.75,3.0,2.0,True,True,False,False,False,False,False,True,True,True,False,True,True,True,True,True
Alpha003,SPY,False,train_ic,False,,,0.95,21.0,0.006,0.0034,0.019,0.05,-0.0238,-0.10460000000000001,0.0025,0.0078,0.011,-0.6678,-0.075128,-0.159183,0.187192,171,15,1,6,0.17,0.25,3.0,2.0,True,True,False,False,False,False,False,False,True,True,False,False,True,True,True,True
Alpha003,XAUUSD,False,train_ic,False,,,0.99,76.0,0.0018,0.0036,0.005,-3.59,0.0081,-0.23,-0.0056,-0.0029,-0.0472,-5.0807,-0.580709,-0.590058,0.188218,590,52,1,6,0.17,0.5,6.0,2.5,True,True,False,False,False,False,False,False,False,True,False,False,True,True,True,True
Alpha004,000688.SH,False,train_ic,True,,,0.93,14.0,-0.0117,-0.0118,-0.051,-1.72,-0.0187,-0.0915,-0.0783,-0.0707,-0.5589,1.2832,0.224021,-0.128078,0.236782,154,11,1,6,0.17,0.75,8.0,3.0,True,True,False,False,False,False,False,True,True,True,False,True,True,True,True,True
Alpha004,AG,False,train_performance,True,,,0.97,40.0,-0.0542,-0.0607,-0.571,-0.7,-0.0937,0.2466,-0.0749,-0.073,-0.4651,0.039,-0.011992,-0.247255,0.241085,409,29,3,6,0.5,1.0,8.0,4.0,True,True,True,True,True,False,True,False,True,True,False,True,True,True,True,True
Alpha004,AU,True,,True,47,0.8571,0.97,40.0,-0.1623,-0.1659,-1.742,3.32,-0.1845,0.4637,-0.1892,-0.184,-2.2523,5.3305,1.228521,-0.03596,0.199234,338,29,5,6,0.83,1.0,6.0,3.0,True,True,True,True,True,True,True,True,True,True,True,True,True,True,True,True
Alpha004,EURUSD,True,,True,14,0.9595,0.99,76.0,-0.4134,-0.4075,-5.989,23.32,-0.3985,2.8215,-0.4142,-0.4034,-5.5652,24.5389,14.114997,-0.007139,0.151022,473,52,6,6,1.0,1.0,1.5,0.5,True,True,True,True,True,True,True,True,True,True,True,True,True,True,True,True
Alpha004,HSTECH,False,train_ic,True,,,0.95,18.0,-0.0059,-0.0002,-0.107,-2.03,0.0037,-0.1547,0.0126,0.0143,0.3295,-2.0866,-0.349157,-0.391714,0.266284,208,13,2,6,0.33,0.75,9.0,4.0,True,True,False,False,False,False,False,False,True,True,False,True,True,True,True,True
Alpha004,NVDA,False,train_performance,True,,,0.95,21.0,-0.0533,-0.0496,-0.336,0.22,-0.045,0.1457,-0.0397,-0.0405,-0.2748,1.0663,0.228537,-0.190432,0.249042,228,15,4,6,0.67,0.75,5.0,3.0,True,True,True,True,True,False,True,True,True,True,True,True,True,True,True,True
Alpha004,QQQ,True,,True,132,0.295,0.95,21.0,-0.0566,-0.0618,-0.666,2.24,-0.0927,0.2348,-0.0503,-0.0584,-0.5577,0.8541,0.128071,-0.087012,0.249589,228,15,5,6,0.83,0.75,3.0,2.0,True,True,True,True,True,True,True,True,True,True,True,True,True,True,True,True
Alpha004,SPY,True,,True,123,0.3291,0.95,21.0,-0.0817,-0.0825,-0.641,1.82,-0.0559,0.057,-0.0883,-0.0878,-0.6544,2.2614,0.35011,-0.075129,0.233716,214,15,4,6,0.67,1.0,3.0,2.0,True,True,True,True,True,True,True,True,True,True,True,True,True,True,True,True
Alpha004,XAUUSD,True,,True,66,0.6438,0.99,76.0,-0.1418,-0.142,-1.557,4.79,-0.1765,1.2196,-0.1279,-0.1276,-1.32,3.6486,1.152683,-0.061958,0.226373,709,52,6,6,1.0,1.0,6.0,2.5,True,True,True,True,True,True,True,True,True,True,True,True,True,True,True,True
Alpha005,000688.SH,False,train_icir,True,,,0.94,14.0,-0.0277,-0.0211,-0.03,-1.16,-0.0556,-0.0385,-0.0878,-0.0858,-0.6635,0.7792,0.101628,-0.124924,0.191571,125,11,1,6,0.17,0.75,8.0,3.0,True,True,True,True,False,False,False,True,True,True,False,True,True,True,True,True
Alpha005,AG,False,train_performance,True,,,0.98,40.0,-0.0616,-0.0724,-0.494,-0.0,-0.0776,0.0897,-0.06,-0.0574,-0.3938,-0.2625,-0.05924,-0.241885,0.190097,322,29,2,6,0.33,1.0,8.0,4.0,True,True,True,True,True,False,True,False,True,True,False,True,True,True,True,True
Alpha005,AU,True,,True,58,0.722,0.98,40.0,-0.149,-0.1689,-1.352,2.33,-0.1563,0.244,-0.1611,-0.1811,-1.8959,3.6335,0.603233,-0.056616,0.189803,322,29,5,6,0.83,1.0,6.0,3.0,True,True,True,True,True,True,True,True,True,True,True,True,True,True,True,True
Alpha005,EURUSD,True,,True,10,0.9665,0.99,76.0,-0.3811,-0.4205,-5.949,17.3,-0.3774,1.8688999999999998,-0.3769,-0.4141,-5.2473,18.9488,6.544063,-0.008149,0.156609,490,52,6,6,1.0,1.0,1.5,0.5,True,True,True,True,True,True,True,True,True,True,True,True,True,True,True,True
Alpha005,HSTECH,False,train_ic,True,,,0.95,18.0,-0.0075,-0.0105,0.136,-1.9,-0.0179,-0.1241,-0.0271,-0.0221,0.0813,0.2651,0.032131,-0.179053,0.187739,147,13,1,6,0.17,0.5,9.0,4.0,True,True,False,False,False,False,False,False,True,True,False,False,True,True,True,True
Alpha005,NVDA,False,train_icir,True,,,0.95,21.0,-0.0619,-0.0607,-0.28,0.91,-0.0342,-0.0944,-0.005,-0.0066,0.1903,-0.3515,-0.074394,-0.230035,0.204707,187,15,3,6,0.5,0.75,5.0,3.0,True,True,True,True,False,True,False,False,True,True,False,True,True,True,True,True
Alpha005,QQQ,True,,True,127,0.3053,0.95,21.0,-0.0644,-0.0765,-0.647,1.25,-0.0594,0.1121,-0.0584,-0.0666,-0.5827,1.0925,0.132991,-0.065727,0.196497,180,15,5,6,0.83,0.75,3.0,2.0,True,True,True,True,True,True,True,True,True,True,True,True,True,True,True,True
Alpha005,SPY,True,,True,124,0.324,0.95,21.0,-0.0875,-0.0917,-0.874,2.25,-0.091,0.1307,-0.0694,-0.0777,-0.4809,0.9175,0.108514,-0.095949,0.215107,196,15,4,6,0.67,1.0,3.0,2.0,True,True,True,True,True,True,True,True,True,True,True,True,True,True,True,True
Alpha005,XAUUSD,True,,True,73,0.6061,0.99,76.0,-0.1246,-0.1439,-1.171,2.74,-0.1511,0.565,-0.1277,-0.1369,-1.103,3.2813,0.816926,-0.064906,0.203544,638,52,6,6,1.0,1.0,6.0,2.5,True,True,True,True,True,True,True,True,True,True,True,True,True,True,True,True
Alpha006,000688.SH,False,train_ic,False,,,1.0,16.0,0.0039,0.0003,0.025,-1.84,-0.0193,-0.1439,-0.002,-0.008,-0.0281,-1.0881,-0.139526,-0.20058,0.17318,113,11,2,6,0.33,0.5,8.0,3.0,True,True,False,False,False,False,False,False,True,True,False,False,True,True,True,True
Alpha006,AG,False,train_ic,False,,,1.0,42.0,-0.0025,-0.0039,-0.081,-2.61,-0.0222,-0.1625,0.0029,-0.0038,0.0354,-2.9461,-0.431948,-0.452432,0.179782,305,29,1,6,0.17,0.5,8.0,4.0,True,True,False,False,False,False,False,False,True,True,False,False,True,True,True,True
Alpha006,AU,False,train_ic,False,,,1.0,42.0,-0.0147,-0.0124,-0.114,-2.64,-0.0055,-0.19260000000000002,-0.0354,-0.039,-0.2503,-1.6978,-0.18787,-0.262203,0.18715,318,29,0,6,0.0,0.75,6.0,3.0,True,True,False,False,False,False,False,False,True,True,False,True,True,True,True,True
Alpha006,EURUSD,False,train_ic,False,,,1.0,78.0,0.0123,0.015,0.096,-0.81,-0.0094,-0.1251,0.0013,0.0007,-0.0118,-1.1642,-0.132476,-0.141484,0.22302,698,52,4,6,0.67,0.5,1.5,0.5,True,True,False,False,False,False,False,False,True,True,True,False,True,True,True,True
Alpha006,HSTECH,False,train_ic,False,,,1.0,20.0,-0.0184,-0.0193,-0.067,-0.59,-0.0662,0.061399999999999996,0.0195,0.0253,0.1682,-1.8675,-0.285939,-0.326882,0.178161,140,13,5,6,0.83,0.75,9.0,4.0,True,True,False,False,False,False,True,False,True,True,True,True,True,True,True,True
Alpha006,NVDA,False,train_ic,False,,,1.0,23.0,-0.0127,-0.0086,-0.023,-0.49,-0.0947,0.2707,0.0202,0.0168,0.1449,-1.9767,-0.29565,-0.316615,0.182266,166,15,4,6,0.67,0.5,5.0,3.0,True,True,False,False,False,False,True,False,True,True,True,False,True,True,True,True
Alpha006,QQQ,False,train_ic,False,,,1.0,23.0,-0.0139,-0.0177,-0.208,-0.78,0.0023,-0.08199999999999999,-0.0673,-0.0683,-0.5951,1.4856,0.202758,-0.127976,0.175151,160,15,3,6,0.5,0.75,3.0,2.0,True,True,False,False,False,False,False,True,True,True,False,True,True,True,True,True
Alpha006,SPY,False,train_ic,False,,,1.0,23.0,0.0104,0.0084,0.065,-0.04,-0.0258,-0.0915,-0.0098,-0.0009,-0.1486,-1.1835,-0.11996,-0.158397,0.194855,178,15,1,6,0.17,0.75,3.0,2.0,True,True,False,False,False,False,False,False,True,True,False,True,True,True,True,True
Alpha006,XAUUSD,False,train_ic,False,,,1.0,78.0,0.0039,0.0078,0.015,-3.23,0.0073,-0.21100000000000002,0.0046,0.005,0.0452,-4.3972,-0.543318,-0.560986,0.189176,592,52,1,6,0.17,0.5,6.0,2.5,True,True,False,False,False,False,False,False,False,True,False,False,True,True,True,True
Alpha007,000688.SH,False,factor_computable,False,,,1.0,0.0,,,,0.0,,0.0,,,,0.0,0.0,0.0,0.0,0,0,0,6,0.0,,8.0,3.0,True,False,False,False,False,False,False,False,True,True,False,False,True,True,True,True
Alpha007,AG,False,factor_computable,False,,,1.0,0.0,,,,0.0,,0.0,,,,0.0,0.0,0.0,0.0,0,0,0,6,0.0,,8.0,4.0,True,False,False,False,False,False,False,False,True,True,False,False,True,True,True,True
Alpha007,AU,False,factor_computable,False,,,1.0,0.0,,,,0.0,,0.0,,,,0.0,0.0,0.0,0.0,0,0,0,6,0.0,,6.0,3.0,True,False,False,False,False,False,False,False,True,True,False,False,True,True,True,True
Alpha007,EURUSD,False,train_rank_ic,False,,,1.0,17.0,-0.0286,0.0092,-0.442,-1.3,,0.0,,,,0.0,0.0,0.0,0.0,0,0,0,6,0.0,0.5,1.5,0.5,True,True,True,False,True,False,False,False,True,True,False,False,True,True,True,True
Alpha007,HSTECH,False,factor_computable,False,,,1.0,0.0,,,,0.0,,0.0,,,,0.0,0.0,0.0,0.0,0,0,0,6,0.0,,9.0,4.0,True,False,False,False,False,False,False,False,True,True,False,False,True,True,True,True
Alpha007,NVDA,False,factor_computable,False,,,1.0,0.0,,,,0.0,,0.0,,,,0.0,0.0,0.0,0.0,0,0,0,6,0.0,,5.0,3.0,True,False,False,False,False,False,False,False,True,True,False,False,True,True,True,True
Alpha007,QQQ,False,factor_computable,False,,,1.0,0.0,,,,0.0,,0.0,,,,0.0,0.0,0.0,0.0,0,0,0,6,0.0,,3.0,2.0,True,False,False,False,False,False,False,False,True,True,False,False,True,True,True,True
Alpha007,SPY,False,factor_computable,False,,,1.0,0.0,,,,0.0,,0.0,,,,0.0,0.0,0.0,0.0,0,0,0,6,0.0,,3.0,2.0,True,False,False,False,False,False,False,False,True,True,False,False,True,True,True,True
Alpha007,XAUUSD,False,factor_computable,False,,,1.0,0.0,,,,0.0,,0.0,,,,0.0,0.0,0.0,0.0,0,0,0,6,0.0,,6.0,2.5,True,False,False,False,False,False,False,False,True,True,False,False,True,True,True,True
Alpha008,000688.SH,False,train_performance,True,,,0.94,14.0,-0.059,-0.0514,-0.45,0.4,-0.0749,-0.016399999999999998,-0.1399,-0.1257,-0.9747,3.0364,0.526909,-0.083808,0.177011,116,11,2,6,0.33,0.75,8.0,3.0,True,True,True,True,True,False,False,True,True,True,False,True,True,True,True,True
Alpha008,AG,False,train_performance,True,,,0.98,40.0,-0.0636,-0.0642,-0.54,0.18,-0.1133,0.3385,-0.0836,-0.0809,-0.5485,2.0306,0.500945,-0.074459,0.188034,319,29,4,6,0.67,1.0,8.0,4.0,True,True,True,True,True,False,True,True,True,True,True,True,True,True,True,True
Alpha008,AU,True,,True,39,0.8988,0.98,40.0,-0.1879,-0.1874,-1.777,4.9,-0.2005,0.49520000000000003,-0.1926,-0.192,-2.3878,6.1034,1.261944,-0.028547,0.164456,279,29,6,6,1.0,1.0,6.0,3.0,True,True,True,True,True,True,True,True,True,True,True,True,True,True,True,True
Alpha008,EURUSD,True,,True,6,0.9727,0.99,76.0,-0.4326,-0.4359,-6.938,23.26,-0.4245,2.5431,-0.4399,-0.4402,-5.8224,26.6595,13.136682,-0.004593,0.117018,366,52,6,6,1.0,1.0,1.5,0.5,True,True,True,True,True,True,True,True,True,True,True,True,True,True,True,True
Alpha008,HSTECH,False,train_ic,True,,,0.95,18.0,0.0078,-0.0009,0.056,-0.89,-0.0379,-0.1635,-0.0301,-0.0269,-0.2774,-2.8704,-0.420455,-0.454869,0.213282,167,13,2,6,0.33,0.5,9.0,4.0,True,True,False,False,False,False,False,False,True,True,False,False,True,True,True,True
Alpha008,NVDA,False,oos_performance,True,,,0.95,21.0,-0.0502,-0.0475,-0.376,1.07,-0.0792,0.3611,0.0063,0.0048,0.1562,-1.049,-0.203682,-0.253266,0.221128,202,15,6,6,1.0,1.0,5.0,3.0,True,True,True,True,True,True,True,False,True,True,True,True,True,True,True,True
Alpha008,QQQ,True,,True,111,0.413,0.95,21.0,-0.064,-0.065,-0.718,1.73,-0.0667,0.19519999999999998,-0.0794,-0.0785,-0.6803,1.879,0.317696,-0.126312,0.188287,172,15,4,6,0.67,1.0,3.0,2.0,True,True,True,True,True,True,True,True,True,True,True,True,True,True,True,True
Alpha008,SPY,True,,True,76,0.5999,0.95,21.0,-0.1138,-0.1115,-1.063,2.39,-0.0898,0.1506,-0.1339,-0.1342,-1.2819,4.1365,0.625152,-0.051792,0.176793,162,15,5,6,0.83,1.0,3.0,2.0,True,True,True,True,True,True,True,True,True,True,True,True,True,True,True,True
Alpha008,XAUUSD,True,,True,54,0.7743,0.99,76.0,-0.149,-0.1508,-1.427,5.3,-0.1935,1.2823,-0.1573,-0.1498,-1.4925,6.0876,2.416041,-0.048059,0.174808,548,52,6,6,1.0,1.0,6.0,2.5,True,True,True,True,True,True,True,True,True,True,True,True,True,True,True,True
Alpha009,000688.SH,False,train_rank_ic,False,,,1.0,16.0,-0.0286,-0.0178,-0.265,-3.48,0.0187,-0.1698,-0.058,-0.0444,-0.6926,-3.3963,-0.297264,-0.307884,0.457471,298,11,0,6,0.0,0.75,8.0,3.0,True,True,True,False,False,False,False,False,True,True,False,True,True,True,True,True
Alpha009,AG,False,train_performance,False,,,1.0,42.0,-0.0448,-0.0404,-0.538,-4.51,-0.0348,-0.3237,-0.0201,-0.0173,-0.2431,-5.0631,-0.57005,-0.589216,0.427056,724,29,0,6,0.0,1.0,8.0,4.0,True,True,True,True,True,False,False,False,False,True,False,True,True,True,True,True
Alpha009,AU,False,train_performance,False,,,1.0,42.0,-0.0675,-0.0707,-0.666,-3.99,-0.0888,-0.1702,-0.0819,-0.0723,-0.7813,-3.3853,-0.310156,-0.352187,0.403478,684,29,0,6,0.0,1.0,6.0,3.0,True,True,True,True,True,False,False,False,True,True,False,True,True,True,True,True
Alpha009,EURUSD,True,,False,107,0.4335,1.0,78.0,-0.0861,-0.09,-0.943,3.34,-0.108,0.2541,-0.0703,-0.0657,-0.6902,2.4252,0.238406,-0.057367,0.347701,1089,52,6,6,1.0,1.0,1.5,0.5,True,True,True,True,True,True,True,True,True,True,True,True,True,True,True,True
Alpha009,HSTECH,False,train_ic,False,,,1.0,20.0,-0.0118,-0.0062,-0.063,-4.24,-0.0048,-0.2236,-0.0207,-0.0138,-0.1702,-3.8914,-0.436819,-0.465716,0.415709,326,13,1,6,0.17,0.5,9.0,4.0,True,True,False,False,False,False,False,False,True,True,False,False,True,True,True,True
Alpha009,NVDA,False,train_rank_ic,False,,,1.0,23.0,-0.0224,-0.0199,-0.291,-1.6,-0.0315,-0.0524,0.0016,0.0051,0.1589,-2.4589,-0.317145,-0.352205,0.394089,360,15,2,6,0.33,0.75,5.0,3.0,True,True,True,False,False,False,False,False,True,True,False,True,True,True,True,True
Alpha009,QQQ,False,train_icir,False,,,1.0,23.0,-0.0315,-0.0282,-0.236,-0.3,0.0311,-0.1805,-0.008,-0.0145,-0.033,-1.8608,-0.186692,-0.215721,0.405036,370,15,1,6,0.17,0.75,3.0,2.0,True,True,True,True,False,False,False,False,True,True,False,True,True,True,True,True
Alpha009,SPY,False,train_rank_ic,False,,,1.0,23.0,-0.0208,-0.0099,-0.229,-0.38,-0.0418,-0.0053,-0.0348,-0.0317,-0.3763,-1.5764,-0.136639,-0.176653,0.430761,394,15,3,6,0.5,1.0,3.0,2.0,True,True,True,False,False,False,False,False,True,True,False,True,True,True,True,True
Alpha009,XAUUSD,False,train_performance,False,,,1.0,78.0,-0.0629,-0.0613,-0.707,-5.45,-0.0446,-0.4142,-0.036,-0.0351,-0.4135,-6.8534,-0.633783,-0.634279,0.421775,1321,52,0,6,0.0,1.0,6.0,2.5,True,True,True,True,True,False,False,False,False,True,False,True,True,True,True,True
Alpha010,000688.SH,False,train_ic,False,,,0.94,14.0,-0.0023,-0.0001,-0.018,-3.46,0.0278,-0.21,-0.0361,-0.025,-0.3518,-4.0012,-0.361589,-0.369937,0.511111,334,11,0,6,0.0,0.5,8.0,3.0,True,True,False,False,False,False,False,False,True,False,False,False,True,True,True,True
Alpha010,AG,False,train_ic,False,,,0.98,40.0,-0.0181,-0.0167,-0.262,-6.96,-0.0177,-0.41969999999999996,-0.0111,-0.0075,-0.1535,-7.728,-0.713564,-0.7211,0.4972,844,29,0,6,0.0,0.75,8.0,4.0,True,True,False,False,False,False,False,False,False,True,False,True,True,True,True,True
Alpha010,AU,False,train_icir,False,,,0.98,40.0,-0.0267,-0.0318,-0.272,-5.94,-0.063,-0.2157,-0.035,-0.0335,-0.3695,-5.759,-0.484772,-0.498536,0.479222,813,29,1,6,0.17,0.75,6.0,3.0,True,True,True,True,False,False,False,False,True,True,False,True,True,True,True,True
Alpha010,EURUSD,False,train_ic,False,,,0.99,76.0,0.0064,0.0064,0.053,-4.5,0.0079,-0.2403,0.0241,0.023,0.2682,-3.995,-0.32991,-0.335178,0.399106,1250,52,0,6,0.0,0.5,1.5,0.5,True,True,False,False,False,False,False,False,True,True,False,False,True,True,True,True
Alpha010,HSTECH,False,train_ic,False,,,0.95,18.0,0.0146,0.0167,0.102,-4.0,-0.0268,-0.43200000000000005,-0.0097,-0.0062,-0.0877,-4.8595,-0.507258,-0.51481,0.506386,396,13,0,6,0.0,0.5,9.0,4.0,True,True,False,False,False,False,False,False,False,False,False,False,True,True,True,True
Alpha010,NVDA,False,train_ic,False,,,0.95,21.0,-0.0123,-0.0083,-0.142,-1.91,-0.0041,-0.13570000000000002,0.0132,0.011,0.2308,-2.5443,-0.347003,-0.384821,0.498632,456,15,1,6,0.17,0.75,5.0,3.0,True,True,False,False,False,False,False,False,True,True,False,True,True,True,True,True
Alpha010,QQQ,False,train_ic,False,,,0.95,21.0,-0.018,-0.0192,-0.155,-0.53,0.05,-0.237,0.0028,0.0016,0.0417,-2.7412,-0.265211,-0.29043,0.475096,434,15,1,6,0.17,0.5,3.0,2.0,True,True,False,False,False,False,False,False,True,True,False,False,True,True,True,True
Alpha010,SPY,False,train_ic,False,,,0.95,21.0,0.0137,0.0158,0.269,-3.26,-0.0183,-0.19329999999999997,-0.0152,-0.0146,-0.203,-3.2957,-0.283185,-0.290764,0.487137,445,15,1,6,0.17,0.75,3.0,2.0,True,True,False,False,False,False,False,False,True,True,False,True,True,True,True,True
Alpha010,XAUUSD,False,train_performance,False,,,0.99,76.0,-0.033,-0.0332,-0.373,-8.76,-0.002,-0.5964,-0.0066,-0.0037,-0.0846,-10.1221,-0.787411,-0.787561,0.483078,1513,52,0,6,0.0,1.0,6.0,2.5,True,True,True,True,True,False,False,False,False,True,False,True,True,True,True,True
Alpha011,000688.SH,False,train_icir,False,,,0.94,14.0,-0.0343,-0.0388,-0.278,-1.93,0.0063,-0.1893,-0.0267,-0.0238,-0.2213,-1.7235,-0.200796,-0.250836,0.351724,230,11,2,6,0.33,0.75,8.0,3.0,True,True,True,True,False,False,False,False,True,True,False,True,True,True,True,True
Alpha011,AG,False,train_ic,False,,,0.98,40.0,-0.0114,-0.0106,-0.067,-4.8,-0.029,-0.35259999999999997,-0.0554,-0.0528,-0.608,-2.9851,-0.407328,-0.453177,0.352196,598,29,0,6,0.0,0.5,8.0,4.0,True,True,False,False,False,False,False,False,True,True,False,False,True,True,True,True
Alpha011,AU,False,train_performance,False,,,0.98,40.0,-0.0672,-0.0642,-0.72,-2.77,-0.0947,-0.157,-0.1045,-0.0961,-1.0881,-0.8669,-0.091588,-0.110639,0.34748,590,29,2,6,0.33,1.0,6.0,3.0,True,True,True,True,True,False,False,False,True,True,False,True,True,True,True,True
Alpha011,EURUSD,True,,False,29,0.9233,0.99,76.0,-0.2646,-0.2422,-3.183,11.93,-0.2706,0.9229,-0.2633,-0.2412,-2.922,12.5296,2.034548,-0.010209,0.32583,1020,52,6,6,1.0,1.0,1.5,0.5,True,True,True,True,True,True,True,True,True,True,True,True,True,True,True,True
Alpha011,HSTECH,False,train_rank_ic,False,,,0.95,18.0,-0.0212,-0.0165,-0.139,-2.53,-0.0227,-0.07519999999999999,0.0046,0.0144,0.1931,-3.5486,-0.391706,-0.408172,0.362708,284,13,2,6,0.33,0.5,9.0,4.0,True,True,True,False,False,False,False,False,True,True,False,False,True,True,True,True
Alpha011,NVDA,False,train_performance,False,,,0.95,21.0,-0.0601,-0.0523,-0.52,0.01,-0.0221,-0.1352,0.0283,0.0306,0.3846,-2.7862,-0.379389,-0.408525,0.387521,354,15,2,6,0.33,1.0,5.0,3.0,True,True,True,True,True,False,False,False,True,True,False,True,True,True,True,True
Alpha011,QQQ,False,train_performance,False,,,0.95,21.0,-0.0393,-0.0335,-0.429,-0.13,-0.0806,0.0043,-0.0338,-0.0406,-0.3761,-0.2831,-0.039778,-0.158142,0.384236,351,15,1,6,0.17,1.0,3.0,2.0,True,True,True,True,True,False,True,False,True,True,False,True,True,True,True,True
Alpha011,SPY,False,validation_performance,False,,,0.95,21.0,-0.0769,-0.0767,-0.676,0.59,-0.0646,-0.061900000000000004,-0.0734,-0.0664,-0.8092,1.2514,0.11499,-0.097983,0.354132,324,15,2,6,0.33,1.0,3.0,2.0,True,True,True,True,True,True,False,True,True,True,False,True,True,True,True,True
Alpha011,XAUUSD,False,train_performance,False,,,0.99,76.0,-0.0858,-0.0799,-0.85,-2.59,-0.1108,-0.0695,-0.0823,-0.0662,-0.8201,-2.2539,-0.309493,-0.312633,0.367497,1151,52,2,6,0.33,1.0,6.0,2.5,True,True,True,True,True,False,False,False,True,True,False,True,True,True,True,True
Alpha012,000688.SH,False,train_ic,False,,,1.0,16.0,0.0051,-0.0089,0.067,-3.9,0.0585,-0.1161,0.0008,0.0098,-0.0156,-3.6404,-0.322273,-0.351466,0.437548,286,11,0,6,0.0,0.5,8.0,3.0,True,True,False,False,False,False,False,False,True,True,False,False,True,True,True,True
Alpha012,AG,False,train_ic,False,,,1.0,42.0,-0.0184,-0.0141,-0.184,-6.46,-0.0296,-0.3664,0.0181,0.0129,0.1767,-8.4018,-0.722626,-0.722626,0.429119,728,29,0,6,0.0,0.75,8.0,4.0,True,True,False,False,False,False,False,False,False,True,False,True,True,True,True,True
Alpha012,AU,False,train_ic,False,,,1.0,42.0,0.0115,0.0075,0.016,-9.06,0.0426,-0.2723,-0.0104,-0.011,-0.0811,-9.2696,-0.595125,-0.599419,0.43354,736,29,0,6,0.0,0.75,6.0,3.0,True,True,False,False,False,False,False,False,False,True,False,True,True,True,True,True
Alpha012,EURUSD,False,train_ic,False,,,1.0,78.0,-0.0125,-0.0157,-0.176,-3.86,0.0062,-0.2242,0.0007,-0.0049,0.023,-6.5098,-0.362967,-0.376134,0.445083,1394,52,1,6,0.17,1.0,1.5,0.5,True,True,False,False,False,False,False,False,True,True,False,True,True,True,True,True
Alpha012,HSTECH,False,train_ic,False,,,1.0,20.0,-0.0184,-0.0162,-0.214,-3.0,0.0169,-0.2605,-0.0162,-0.0268,-0.2375,-4.088,-0.445588,-0.449593,0.411877,322,13,1,6,0.17,0.75,9.0,4.0,True,True,False,False,False,False,False,False,True,True,False,True,True,True,True,True
Alpha012,NVDA,False,train_ic,False,,,1.0,23.0,0.0022,-0.0064,-0.007,-2.21,-0.0392,-0.322,-0.011,-0.0076,-0.2719,-3.5543,-0.398107,-0.403681,0.400657,366,15,0,6,0.0,0.75,5.0,3.0,True,True,False,False,False,False,False,False,True,True,False,True,True,True,True,True
Alpha012,QQQ,False,train_performance,False,,,1.0,23.0,-0.0226,-0.0261,-0.301,-2.3,0.0058,-0.1557,-0.0042,-0.0121,-0.0566,-1.8079,-0.159524,-0.168504,0.417625,382,15,1,6,0.17,0.5,3.0,2.0,True,True,True,True,True,False,False,False,True,True,False,False,True,True,True,True
Alpha012,SPY,False,train_ic,False,,,1.0,23.0,-0.0106,-0.0023,-0.12,-3.42,-0.0384,-0.111,-0.0296,-0.0354,-0.245,-1.9839,-0.155456,-0.195956,0.418172,382,15,2,6,0.33,0.5,3.0,2.0,True,True,False,False,False,False,False,False,True,True,False,False,True,True,True,True
Alpha012,XAUUSD,False,train_ic,False,,,1.0,78.0,0.0044,0.0091,0.093,-12.53,0.0051,-0.5656,-0.0326,-0.0326,-0.3529,-13.4146,-0.848965,-0.849544,0.428959,1344,52,0,6,0.0,0.75,6.0,2.5,True,True,False,False,False,False,False,False,False,True,False,True,True,True,True,True
Alpha013,000688.SH,False,train_performance,False,,,0.9,13.0,0.0467,0.036,0.389,-0.77,-0.0248,-0.1993,-0.0236,-0.0203,-0.2235,-2.5023,-0.274892,-0.316167,0.262069,171,11,2,6,0.33,1.0,8.0,3.0,True,True,True,True,True,False,False,False,True,True,False,True,True,True,True,True
Alpha013,AG,False,train_ic,False,,,0.96,39.0,0.0007,-0.0014,-0.026,-3.8,-0.042,-0.40009999999999996,0.0062,0.0023,0.0685,-4.2477,-0.535406,-0.535406,0.282641,480,29,0,6,0.0,0.25,8.0,4.0,True,True,False,False,False,False,False,False,False,True,False,False,True,True,True,True
Alpha013,AU,False,train_ic,False,,,0.96,39.0,0.0072,0.0055,0.123,-4.63,0.0239,-0.2647,0.0084,0.007,0.1455,-5.4828,-0.471407,-0.490985,0.291777,495,29,1,6,0.17,0.75,6.0,3.0,True,True,False,False,False,False,False,False,True,True,False,True,True,True,True,True
Alpha013,EURUSD,False,train_ic,False,,,0.98,75.0,-0.0147,-0.014,-0.151,-3.07,0.0214,-0.179,-0.0003,0.0037,-0.0168,-3.0152,-0.254113,-0.277618,0.303321,950,52,0,6,0.0,0.75,1.5,0.5,True,True,False,False,False,False,False,False,True,True,False,True,True,True,True,True
Alpha013,HSTECH,False,train_ic,False,,,0.92,17.0,0.0025,0.0041,-0.068,-2.16,0.0192,-0.1778,0.0056,0.0015,0.1426,-1.3288,-0.217956,-0.267317,0.249042,195,13,0,6,0.0,0.75,9.0,4.0,True,True,False,False,False,False,False,False,True,True,False,True,True,True,True,True
Alpha013,NVDA,False,train_ic,False,,,0.93,20.0,-0.019,-0.017,-0.105,-0.73,-0.0184,-0.1149,0.0264,0.0225,0.305,-1.9355,-0.30116,-0.324093,0.256158,234,15,4,6,0.67,0.5,5.0,3.0,True,True,False,False,False,False,False,False,True,True,True,False,True,True,True,True
Alpha013,QQQ,False,train_performance,False,,,0.93,20.0,0.0331,0.0247,0.371,-0.19,0.0236,-0.07519999999999999,0.0051,0.0095,0.0405,-0.9792,-0.111527,-0.187057,0.257252,235,15,2,6,0.33,0.75,3.0,2.0,True,True,True,True,True,False,False,False,True,True,False,True,True,True,True,True
Alpha013,SPY,False,train_ic,False,,,0.93,20.0,0.0197,0.0197,0.242,-0.36,-0.0131,-0.0851,-0.0007,-0.0047,-0.0544,-0.7398,-0.077449,-0.148679,0.291735,266,15,2,6,0.33,0.5,3.0,2.0,True,True,False,False,False,False,False,False,True,True,False,False,True,True,True,True
Alpha013,XAUUSD,False,train_ic,False,,,0.98,75.0,0.0093,0.0088,0.078,-6.06,0.0041,-0.3787,-0.022,-0.0208,-0.2272,-7.2108,-0.697074,-0.697215,0.275862,864,52,3,6,0.5,0.5,6.0,2.5,True,True,False,False,False,False,False,False,False,True,False,False,True,True,True,True
Alpha014,000688.SH,False,train_rank_ic,False,,,0.94,14.0,-0.0202,-0.0117,-0.223,-0.92,-0.002,-0.064,-0.0038,-0.0075,-0.0453,-1.7276,-0.184918,-0.266176,0.234483,153,11,4,6,0.67,0.75,8.0,3.0,True,True,True,False,False,False,False,False,True,True,True,True,True,True,True,True
Alpha014,AG,False,train_ic,False,,,0.98,40.0,0.0079,0.006,0.03,-2.86,-0.0257,-0.3065,-0.0013,-0.0101,0.0093,-4.5205,-0.513121,-0.519295,0.236074,400,29,0,6,0.0,0.75,8.0,4.0,True,True,False,False,False,False,False,False,False,True,False,True,True,True,True,True
Alpha014,AU,False,train_rank_ic,False,,,0.98,40.0,-0.026,-0.0198,-0.201,-3.06,0.0118,-0.24609999999999999,-0.0402,-0.0435,-0.2728,-3.0322,-0.290373,-0.318151,0.234601,398,29,0,6,0.0,0.75,6.0,3.0,True,True,True,False,False,False,False,False,True,True,False,True,True,True,True,True
Alpha014,EURUSD,False,train_ic,False,,,0.99,76.0,0.0151,0.0266,0.119,-1.73,-0.0096,-0.1242,-0.0075,-0.0081,-0.062,-1.8878,-0.172474,-0.175635,0.249361,781,52,4,6,0.67,0.75,1.5,0.5,True,True,False,True,False,False,False,False,True,True,True,True,True,True,True,True
Alpha014,HSTECH,False,train_ic,False,,,0.95,18.0,-0.0173,-0.0224,-0.091,-1.39,-0.0499,-0.0412,0.0242,0.0267,0.3032,-3.1614,-0.363477,-0.399919,0.233078,182,13,3,6,0.5,0.75,9.0,4.0,True,True,False,True,False,False,False,False,True,True,False,True,True,True,True,True
Alpha014,NVDA,False,train_rank_ic,False,,,0.95,21.0,-0.0282,-0.0185,-0.129,-0.21,-0.0628,0.0732,0.0113,0.0202,-0.0014,-1.813,-0.252557,-0.275862,0.216201,198,15,2,6,0.33,0.75,5.0,3.0,True,True,True,False,False,False,True,False,True,True,False,True,True,True,True,True
Alpha014,QQQ,False,train_ic,False,,,0.95,21.0,-0.0113,-0.0135,-0.153,-1.63,0.0381,-0.18960000000000002,-0.0705,-0.0692,-0.6376,1.3688,0.175877,-0.099733,0.223864,204,15,1,6,0.17,0.75,3.0,2.0,True,True,False,False,False,False,False,True,True,True,False,True,True,True,True,True
Alpha014,SPY,False,train_ic,False,,,0.95,21.0,0.009,0.0102,0.05,-0.3,-0.0168,-0.09720000000000001,-0.0246,-0.0037,-0.3254,-0.677,-0.065204,-0.115114,0.241927,221,15,1,6,0.17,0.75,3.0,2.0,True,True,False,False,False,False,False,False,True,True,False,True,True,True,True,True
Alpha014,XAUUSD,False,train_ic,False,,,0.99,76.0,-0.003,0.0036,-0.031,-5.1,-0.0027,-0.3834,0.0087,0.0094,0.0741,-5.8947,-0.599225,-0.606552,0.230364,722,52,0,6,0.0,0.25,6.0,2.5,True,True,False,False,False,False,False,False,False,True,False,False,True,True,True,True
Alpha015,000688.SH,False,train_ic,False,,,0.88,13.0,0.0152,0.0104,0.252,0.17,-0.0407,0.0125,-0.0024,0.0023,-0.0508,-2.3386,-0.254173,-0.27719,0.216858,142,11,3,6,0.5,0.5,8.0,3.0,True,True,False,False,False,False,False,False,True,True,False,False,True,True,True,True
Alpha015,AG,False,train_ic,False,,,0.96,39.0,0.0043,0.0022,0.014,-2.79,-0.0318,-0.3232,-0.0132,-0.0148,-0.1252,-4.0176,-0.532622,-0.538815,0.259358,440,29,2,6,0.33,0.5,8.0,4.0,True,True,False,False,False,False,False,False,False,True,False,False,True,True,True,True
Alpha015,AU,False,train_ic,False,,,0.96,39.0,-0.0137,-0.0154,-0.181,-4.44,-0.003,-0.24489999999999998,-0.0103,-0.0128,-0.0778,-3.5718,-0.394541,-0.399863,0.180077,306,28,0,6,0.0,0.5,6.0,3.0,True,True,False,False,False,False,False,False,True,True,False,False,True,True,True,True
Alpha015,EURUSD,False,train_ic,False,,,0.98,75.0,0.0151,0.0111,0.144,-1.32,0.0379,0.023799999999999998,0.0124,0.0106,0.1412,-2.604,-0.217944,-0.217944,0.269317,844,52,3,6,0.5,0.75,1.5,0.5,True,True,False,False,False,False,True,False,True,True,False,True,True,True,True,True
Alpha015,HSTECH,False,train_ic,False,,,0.91,16.0,-0.0155,-0.0182,-0.392,-1.56,0.0198,-0.2192,-0.0078,-0.0093,-0.0597,-1.4468,-0.23362,-0.355292,0.16986,133,13,2,6,0.33,0.75,9.0,4.0,True,True,False,False,True,False,False,False,True,True,False,True,True,True,True,True
Alpha015,NVDA,False,train_icir,False,,,0.92,20.0,-0.0315,-0.0362,-0.27,0.03,-0.0153,-0.0417,0.0116,0.017,-0.0082,-1.068,-0.220291,-0.243078,0.124247,114,15,3,6,0.5,0.5,5.0,3.0,True,True,True,True,False,False,False,False,True,True,False,False,True,True,True,True
Alpha015,QQQ,False,train_performance,False,,,0.92,20.0,0.0492,0.0431,0.531,0.07,0.0238,0.0253,-0.0139,-0.0149,-0.1104,-0.0358,-0.014805,-0.146411,0.126437,116,15,3,6,0.5,1.0,3.0,2.0,True,True,True,True,True,False,True,False,True,True,False,True,True,True,True,True
Alpha015,SPY,False,train_icir,False,,,0.91,19.0,0.0291,0.0275,0.273,-0.32,-0.0154,-0.0288,0.0577,0.0504,0.7526,0.1934,0.012108,-0.091179,0.153804,140,15,0,6,0.0,0.5,3.0,2.0,True,True,True,True,False,False,False,False,True,True,False,False,True,True,True,True
Alpha015,XAUUSD,False,train_ic,False,,,0.97,74.0,0.0003,0.0015,0.013,-4.26,0.0256,-0.2275,0.0074,0.007,0.0565,-3.7322,-0.482973,-0.482973,0.201628,632,52,1,6,0.17,0.5,6.0,2.5,True,True,False,False,False,False,False,False,True,True,False,False,True,True,True,True
Alpha016,000688.SH,False,train_ic,False,,,0.9,13.0,0.0111,0.006,0.057,-1.23,-0.0383,-0.22039999999999998,-0.0043,0.001,-0.0029,-2.5269,-0.279556,-0.325266,0.260536,170,11,1,6,0.17,0.75,8.0,3.0,True,True,False,False,False,False,False,False,True,True,False,True,True,True,True,True
Alpha016,AG,False,train_ic,False,,,0.96,39.0,0.0074,0.0043,0.012,-3.48,0.0025,-0.257,-0.0016,-0.0056,-0.006,-4.7533,-0.565266,-0.569111,0.266431,452,29,1,6,0.17,0.75,8.0,4.0,True,True,False,False,False,False,False,False,False,True,False,True,True,True,True,True
Alpha016,AU,False,train_ic,False,,,0.96,39.0,0.0045,0.0047,0.041,-5.12,0.0178,-0.2229,0.0052,0.0019,0.1938,-5.9553,-0.487577,-0.495168,0.291188,494,29,1,6,0.17,0.25,6.0,3.0,True,True,False,False,False,False,False,False,True,True,False,False,True,True,True,True
Alpha016,EURUSD,False,train_ic,False,,,0.98,75.0,-0.0017,-0.0034,-0.019,-3.21,0.0092,-0.1204,0.0002,0.0032,0.0092,-3.0205,-0.2546,-0.271971,0.307791,964,52,0,6,0.0,0.5,1.5,0.5,True,True,False,False,False,False,False,False,True,True,False,False,True,True,True,True
Alpha016,HSTECH,False,train_ic,False,,,0.92,17.0,-0.0048,-0.0089,-0.073,-2.1,-0.0103,-0.1551,-0.0104,-0.0147,-0.1301,-1.8211,-0.267643,-0.295853,0.270754,212,13,2,6,0.33,0.5,9.0,4.0,True,True,False,False,False,False,False,False,True,True,False,False,True,True,True,True
Alpha016,NVDA,False,train_icir,False,,,0.93,20.0,-0.0348,-0.0353,-0.286,0.38,-0.0301,-0.1152,0.0114,0.013,0.063,-1.4104,-0.231944,-0.278275,0.270936,248,15,3,6,0.5,0.5,5.0,3.0,True,True,True,True,False,False,False,False,True,True,False,False,True,True,True,True
Alpha016,QQQ,False,train_rank_ic,False,,,0.93,20.0,0.0274,0.0199,0.247,-0.91,0.0227,0.0146,-0.0079,-0.0074,-0.02,-0.9905,-0.115516,-0.142062,0.264915,242,15,4,6,0.67,0.75,3.0,2.0,True,True,True,False,False,False,True,False,True,True,True,True,True,True,True,True
Alpha016,SPY,False,train_ic,False,,,0.93,20.0,0.0076,0.0094,0.07,-0.14,-0.0119,-0.0793,0.0363,0.0337,0.3723,-0.6365,-0.065942,-0.164009,0.278599,254,15,2,6,0.33,0.5,3.0,2.0,True,True,False,False,False,False,False,False,True,True,False,False,True,True,True,True
Alpha016,XAUUSD,False,train_ic,False,,,0.98,75.0,0.0029,0.0008,0.021,-6.23,0.0181,-0.2978,-0.0099,-0.0116,-0.1197,-6.3825,-0.66222,-0.66349,0.283365,888,52,0,6,0.0,0.5,6.0,2.5,True,True,False,False,False,False,False,False,False,True,False,False,True,True,True,True
Alpha017,000688.SH,False,train_icir,False,,,0.94,14.0,-0.0254,-0.0216,-0.221,-2.1,-0.0144,-0.15,-0.0691,-0.0871,-0.7274,-1.825,-0.118888,-0.129931,0.234483,153,11,1,6,0.17,0.75,8.0,3.0,True,True,True,True,False,False,False,False,True,True,False,True,True,True,True,True
Alpha017,AG,False,train_performance,False,,,0.98,40.0,-0.0538,-0.0674,-0.463,-3.39,-0.0492,-0.2164,-0.0204,-0.0122,-0.186,-3.9856,-0.358092,-0.394181,0.252874,429,29,0,6,0.0,1.0,8.0,4.0,True,True,True,True,True,False,False,False,True,True,False,True,True,True,True,True
Alpha017,AU,False,train_performance,False,,,0.98,40.0,-0.0947,-0.1175,-1.082,-3.41,-0.0841,-0.09230000000000001,-0.084,-0.0924,-0.9441,-3.7977,-0.222213,-0.229504,0.256705,436,29,1,6,0.17,1.0,6.0,3.0,True,True,True,True,True,False,False,False,True,True,False,True,True,True,True,True
Alpha017,EURUSD,True,,False,38,0.903,0.99,76.0,-0.2291,-0.2718,-3.416,10.25,-0.1984,0.2336,-0.2258,-0.2678,-2.9544,9.497,0.590627,-0.009555,0.242656,760,52,6,6,1.0,1.0,1.5,0.5,True,True,True,True,True,True,True,True,True,True,True,True,True,True,True,True
Alpha017,HSTECH,False,train_ic,False,,,0.95,18.0,-0.0052,0.0013,0.006,-2.39,-0.0049,-0.18760000000000002,-0.0592,-0.0294,-0.6191,-1.1565,-0.112641,-0.185803,0.238825,187,13,1,6,0.17,0.75,9.0,4.0,True,True,False,False,False,False,False,False,True,True,False,True,True,True,True,True
Alpha017,NVDA,False,train_ic,False,,,0.95,21.0,-0.0009,-0.0216,0.086,-1.14,-0.0635,0.017,0.0137,0.0088,0.2019,-2.9272,-0.26447,-0.266305,0.258894,236,15,3,6,0.5,0.5,5.0,3.0,True,True,False,True,False,False,True,False,True,True,False,False,True,True,True,True
Alpha017,QQQ,False,train_icir,False,,,0.95,21.0,-0.0233,-0.0364,-0.229,-0.13,0.0011,-0.0765,-0.0369,-0.0504,-0.3917,-0.7198,-0.044931,-0.104676,0.236453,216,15,4,6,0.67,0.75,3.0,2.0,True,True,True,True,False,False,False,False,True,True,True,True,True,True,True,True
Alpha017,SPY,False,train_performance,False,,,0.95,21.0,-0.0346,-0.0257,-0.353,-0.91,-0.0321,-0.0355,-0.0496,-0.0399,-0.5375,0.502,0.025959,-0.042398,0.238643,218,15,3,6,0.5,0.75,3.0,2.0,True,True,True,True,True,False,False,True,True,True,False,True,True,True,True,True
Alpha017,XAUUSD,False,train_performance,False,,,0.99,76.0,-0.0656,-0.0719,-0.681,-4.81,-0.0895,-0.1716,-0.0809,-0.0799,-0.9337,-4.9396,-0.356646,-0.356646,0.260217,815,52,0,6,0.0,1.0,6.0,2.5,True,True,True,True,True,False,False,False,True,True,False,True,True,True,True,True
Alpha018,000688.SH,False,train_performance,False,,,0.94,14.0,-0.0447,-0.0401,-0.415,-2.29,-0.0111,-0.16440000000000002,-0.0576,-0.0476,-0.5846,-2.6263,-0.293552,-0.304654,0.460536,300,11,1,6,0.17,0.75,8.0,3.0,True,True,True,True,True,False,False,False,True,True,False,True,True,True,True,True
Alpha018,AG,False,train_performance,False,,,0.98,40.0,-0.0536,-0.0542,-0.604,-3.97,-0.0371,-0.31980000000000003,-0.0257,-0.0229,-0.2409,-4.2129,-0.546292,-0.568293,0.465959,790,29,0,6,0.0,1.0,8.0,4.0,True,True,True,True,True,False,False,False,False,True,False,True,True,True,True,True
Alpha018,AU,False,train_performance,False,,,0.98,40.0,-0.1064,-0.1107,-1.0,-1.58,-0.1336,-0.056100000000000004,-0.119,-0.1131,-1.1727,-1.2517,-0.150455,-0.190831,0.442971,752,29,2,6,0.33,1.0,6.0,3.0,True,True,True,True,True,False,False,False,True,True,False,True,True,True,True,True
Alpha018,EURUSD,True,,False,67,0.6415,0.99,76.0,-0.0807,-0.082,-0.852,3.74,-0.1006,0.32899999999999996,-0.0828,-0.0842,-0.8288,5.1116,0.656643,-0.040091,0.176086,552,52,6,6,1.0,1.0,1.5,0.5,True,True,True,True,True,True,True,True,True,True,True,True,True,True,True,True
Alpha018,HSTECH,False,train_ic,False,,,0.95,18.0,0.0016,0.0042,0.083,-3.56,-0.0241,-0.38189999999999996,-0.025,-0.0182,-0.1383,-5.277,-0.52647,-0.534807,0.489144,383,13,1,6,0.17,0.5,9.0,4.0,True,True,False,False,False,False,False,False,False,True,False,False,True,True,True,True
Alpha018,NVDA,False,train_icir,False,,,0.95,21.0,-0.0256,-0.0264,-0.171,-0.96,-0.028,-0.0654,0.02,0.0186,0.3514,-2.883,-0.395104,-0.414111,0.464149,424,15,1,6,0.17,0.75,5.0,3.0,True,True,True,True,False,False,False,False,True,True,False,True,True,True,True,True
Alpha018,QQQ,False,train_performance,False,,,0.95,21.0,-0.0376,-0.0362,-0.323,0.19,-0.0162,-0.083,-0.0507,-0.0616,-0.512,0.8082,0.093837,-0.12971,0.445539,407,15,4,6,0.67,0.75,3.0,2.0,True,True,True,True,True,False,False,True,True,True,True,True,True,True,True,True
Alpha018,SPY,False,train_performance,False,,,0.95,21.0,-0.0349,-0.0326,-0.403,-0.12,-0.0715,-0.009000000000000001,-0.0598,-0.0588,-0.4799,0.2841,0.025675,-0.126535,0.458128,418,15,2,6,0.33,0.75,3.0,2.0,True,True,True,True,True,False,False,False,True,True,False,True,True,True,True,True
Alpha018,XAUUSD,False,train_performance,False,,,0.99,76.0,-0.0951,-0.0973,-0.93,-2.49,-0.1263,-0.0137,-0.0863,-0.0817,-0.7671,-2.8078,-0.398784,-0.399049,0.452427,1417,52,1,6,0.17,1.0,6.0,2.5,True,True,True,True,True,False,False,False,True,True,False,True,True,True,True,True
Alpha019,000688.SH,False,train_icir,True,,,0.9,13.0,-0.033,-0.0401,0.061,-1.19,-0.0779,0.1942,-0.0838,-0.0603,-0.6106,1.0794,0.138594,-0.064328,0.098084,64,11,1,6,0.17,0.5,8.0,3.0,True,True,True,True,False,False,True,True,True,True,False,False,True,True,True,True
Alpha019,AG,False,train_performance,True,,,0.96,39.0,-0.0524,-0.0424,-0.341,-0.32,-0.0614,-0.0017000000000000001,-0.0555,-0.0453,-0.3145,-0.2128,-0.053567,-0.158407,0.137047,232,29,2,6,0.33,1.0,8.0,4.0,True,True,True,True,True,False,False,False,True,True,False,True,True,True,True,True
Alpha019,AU,True,,True,74,0.6044,0.96,39.0,-0.1063,-0.0944,-1.267,0.75,-0.1503,0.1966,-0.1352,-0.1042,-1.8117,1.856,0.25563,-0.041656,0.132626,225,29,5,6,0.83,1.0,6.0,3.0,True,True,True,True,True,True,True,True,True,True,True,True,True,True,True,True
Alpha019,EURUSD,True,,True,5,0.9767,0.98,75.0,-0.3252,-0.2814,-5.336,12.04,-0.3169,0.7023,-0.322,-0.2629,-5.5727,12.0806,1.948398,-0.009822,0.089719,281,52,6,6,1.0,1.0,1.5,0.5,True,True,True,True,True,True,True,True,True,True,True,True,True,True,True,True
Alpha019,HSTECH,False,train_ic,True,,,0.92,17.0,0.0082,0.007,0.191,-0.37,0.0321,-0.015300000000000001,-0.0101,-0.0137,0.2647,-1.8107,-0.263353,-0.286594,0.163474,128,13,2,6,0.33,0.5,9.0,4.0,True,True,False,False,False,False,False,False,True,True,False,False,True,True,True,True
Alpha019,NVDA,False,train_rank_ic,True,,,0.93,20.0,-0.0223,-0.018,-0.013,0.61,-0.0179,-0.0643,0.0083,0.0137,0.2154,-1.8511,-0.31023,-0.361697,0.171866,157,15,3,6,0.5,0.75,5.0,3.0,True,True,True,False,False,True,False,False,True,True,False,True,True,True,True,True
Alpha019,QQQ,False,validation_performance,True,,,0.93,20.0,-0.0652,-0.0695,-0.642,1.2,-0.086,-0.0043,-0.0554,-0.0581,-0.4424,0.6962,0.087904,-0.064473,0.14231,130,15,6,6,1.0,0.75,3.0,2.0,True,True,True,True,True,True,False,True,True,True,True,True,True,True,True,True
Alpha019,SPY,False,train_icir,True,,,0.93,20.0,-0.0547,-0.0515,-0.224,1.0,-0.0757,0.0653,-0.0846,-0.075,-0.7677,0.9988,0.120054,-0.062709,0.141215,129,15,3,6,0.5,0.75,3.0,2.0,True,True,True,True,False,True,True,True,True,True,False,True,True,True,True,True
Alpha019,XAUUSD,True,,True,90,0.5179,0.98,75.0,-0.1185,-0.1085,-1.134,2.35,-0.1476,0.2541,-0.1005,-0.0911,-0.882,2.5154,0.537137,-0.048944,0.125,392,52,5,6,0.83,1.0,6.0,2.5,True,True,True,True,True,True,True,True,True,True,True,True,True,True,True,True
Alpha020,000688.SH,False,train_ic,True,,,0.94,14.0,0.0014,-0.0106,0.053,-3.72,-0.032,-0.2904,-0.0325,-0.0631,-0.2965,-8.0996,-0.623425,-0.626467,0.424521,277,11,2,6,0.33,0.25,8.0,3.0,True,True,False,False,False,False,False,False,False,True,False,False,True,True,True,True
Alpha020,AG,False,train_ic,True,,,0.98,40.0,-0.0119,-0.03,-0.063,-4.17,-0.0748,-0.0575,-0.0465,-0.0633,-0.5558,-3.4027,-0.443072,-0.443072,0.447981,760,29,2,6,0.33,0.75,8.0,4.0,True,True,False,True,False,False,False,False,True,True,False,True,True,True,True,True
Alpha020,AU,True,,True,102,0.4608,0.98,40.0,-0.1269,-0.1572,-1.45,0.96,-0.1254,0.09140000000000001,-0.1376,-0.1685,-1.6712,1.1297,0.141546,-0.054788,0.445623,756,29,4,6,0.67,1.0,6.0,3.0,True,True,True,True,True,True,True,True,True,True,True,True,True,True,True,True
Alpha020,EURUSD,True,,True,28,0.9263,0.99,76.0,-0.3453,-0.3684,-4.479,20.31,-0.3444,1.9622,-0.3385,-0.3708,-3.9873,21.9804,7.723928,-0.00677,0.34387,1077,52,6,6,1.0,1.0,1.5,0.5,True,True,True,True,True,True,True,True,True,True,True,True,True,True,True,True
Alpha020,HSTECH,False,train_performance,True,,,0.95,18.0,-0.0527,-0.0617,-0.567,-2.26,-0.0015,-0.2243,0.0253,-0.0036,0.3002,-3.0396,-0.390157,-0.411828,0.42401,332,13,0,6,0.0,1.0,9.0,4.0,True,True,True,True,True,False,False,False,True,True,False,True,True,True,True,True
Alpha020,NVDA,False,train_icir,True,,,0.95,21.0,-0.027,-0.0501,-0.165,0.64,-0.0032,-0.1514,-0.022,-0.0301,-0.2222,-2.6295,-0.344961,-0.352651,0.442255,404,15,2,6,0.33,0.5,5.0,3.0,True,True,True,True,False,True,False,False,True,True,False,False,True,True,True,True
Alpha020,QQQ,False,oos_performance,True,,,0.95,21.0,-0.0698,-0.0892,-0.964,1.89,-0.0756,0.2741,-0.0238,-0.0463,-0.2934,0.4992,0.052592,-0.097788,0.445539,407,15,6,6,1.0,1.0,3.0,2.0,True,True,True,True,True,True,True,False,True,True,True,True,True,True,True,True
Alpha020,SPY,True,,True,129,0.3011,0.95,21.0,-0.0617,-0.0815,-0.791,1.6,-0.0503,0.048,-0.0635,-0.0887,-0.6077,2.2472,0.265567,-0.064837,0.420909,384,15,4,6,0.67,1.0,3.0,2.0,True,True,True,True,True,True,True,True,True,True,True,True,True,True,True,True
Alpha020,XAUUSD,True,,True,105,0.4353,0.99,76.0,-0.1114,-0.1348,-1.04,0.66,-0.1618,0.4471,-0.1131,-0.1338,-1.4443,1.1114,0.18624,-0.065652,0.444444,1392,52,5,6,0.83,1.0,6.0,2.5,True,True,True,True,True,True,True,True,True,True,True,True,True,True,True,True
Alpha021,000688.SH,False,train_icir,True,,,1.0,16.0,-0.0398,-0.0392,-0.291,-0.76,-0.0435,0.005,-0.0656,-0.0539,-0.4228,-0.0532,-0.008906,-0.098217,0.147893,96,11,2,6,0.33,1.0,8.0,3.0,True,True,True,True,False,False,True,False,True,True,False,True,True,True,True,True
Alpha021,AG,False,train_icir,True,,,1.0,42.0,-0.031,-0.0339,-0.26,-2.62,-0.0586,-0.0003,-0.0402,-0.0356,-0.2997,-2.4763,-0.249185,-0.257035,0.146183,248,29,0,6,0.0,1.0,8.0,4.0,True,True,True,True,False,False,False,False,True,True,False,True,True,True,True,True
Alpha021,AU,True,,True,81,0.5626,1.0,42.0,-0.1293,-0.1299,-1.21,0.53,-0.1235,0.0406,-0.16,-0.1539,-1.2671,1.9126,0.199807,-0.027247,0.11789,200,29,5,6,0.83,1.0,6.0,3.0,True,True,True,True,True,True,True,True,True,True,True,True,True,True,True,True
Alpha021,EURUSD,True,,True,3,0.9869,1.0,78.0,-0.363,-0.3648,-5.175,13.27,-0.3726,0.7042,-0.3863,-0.3861,-5.4953,14.9953,2.184836,-0.005599,0.08046,252,52,6,6,1.0,1.0,1.5,0.5,True,True,True,True,True,True,True,True,True,True,True,True,True,True,True,True
Alpha021,HSTECH,False,train_ic,True,,,1.0,20.0,-0.02,-0.0195,-0.111,-1.85,-0.0497,-0.0336,-0.0544,-0.0507,-0.2784,-0.0225,-0.009597,-0.116843,0.139208,109,13,3,6,0.5,0.75,9.0,4.0,True,True,False,False,False,False,False,False,True,True,False,True,True,True,True,True
Alpha021,NVDA,False,train_ic,True,,,1.0,23.0,-0.0179,-0.017,-0.01,-0.83,-0.0347,-0.0358,-0.0145,-0.0146,-0.0028,-0.5858,-0.07507,-0.124589,0.152162,139,15,2,6,0.33,0.5,5.0,3.0,True,True,False,False,False,False,False,False,True,True,False,False,True,True,True,True
Alpha021,QQQ,False,validation_performance,True,,,1.0,23.0,-0.0666,-0.0707,-0.659,1.01,-0.0366,-0.0349,-0.0604,-0.0646,-0.6876,1.0403,0.097116,-0.045807,0.144499,132,15,3,6,0.5,1.0,3.0,2.0,True,True,True,True,True,True,False,True,True,True,False,True,True,True,True,True
Alpha021,SPY,True,,True,118,0.3515,1.0,23.0,-0.069,-0.0659,-0.535,1.3,-0.0662,0.014199999999999999,-0.0771,-0.0772,-0.6919,0.9478,0.068932,-0.055904,0.129721,118,15,5,6,0.83,0.75,3.0,2.0,True,True,True,True,True,True,True,True,True,True,True,True,True,True,True,True
Alpha021,XAUUSD,True,,True,104,0.44,1.0,78.0,-0.1245,-0.1255,-1.064,1.7,-0.1552,0.23550000000000001,-0.1101,-0.1049,-1.1227,0.5511,0.062942,-0.048083,0.129151,404,52,5,6,0.83,1.0,6.0,2.5,True,True,True,True,True,True,True,True,True,True,True,True,True,True,True,True
Alpha022,000688.SH,False,train_rank_ic,False,,,0.94,14.0,0.0359,0.0188,0.365,-0.73,-0.001,-0.1258,0.0306,0.0336,0.4303,-1.0359,-0.111199,-0.157766,0.230651,150,11,1,6,0.17,1.0,8.0,3.0,True,True,True,False,True,False,False,False,True,True,False,True,True,True,True,True
Alpha022,AG,False,train_ic,False,,,0.98,40.0,-0.0008,0.0015,-0.011,-3.09,-0.0316,-0.15990000000000001,-0.0086,-0.0147,-0.2454,-4.2471,-0.481155,-0.493114,0.225464,382,29,1,6,0.17,0.5,8.0,4.0,True,True,False,False,False,False,False,False,True,True,False,False,True,True,True,True
Alpha022,AU,False,train_ic,False,,,0.98,40.0,0.0051,0.0093,0.025,-4.62,-0.0092,-0.1877,0.0114,0.0072,0.1412,-4.8839,-0.382438,-0.387407,0.231653,393,29,0,6,0.0,0.5,6.0,3.0,True,True,False,False,False,False,False,False,True,True,False,False,True,True,True,True
Alpha022,EURUSD,False,train_ic,False,,,0.99,76.0,-0.0147,-0.0165,-0.172,-2.86,0.0162,-0.16149999999999998,0.0088,0.0118,0.0575,-3.9192,-0.226913,-0.237912,0.231322,724,52,1,6,0.17,0.75,1.5,0.5,True,True,False,False,False,False,False,False,True,True,False,True,True,True,True,True
Alpha022,HSTECH,False,train_ic,False,,,0.95,18.0,0.0088,0.0078,0.155,-1.36,-0.0107,-0.19190000000000002,0.0227,0.0316,0.1455,-2.7856,-0.328422,-0.363725,0.243934,191,13,3,6,0.5,0.5,9.0,4.0,True,True,False,False,False,False,False,False,True,True,False,False,True,True,True,True
Alpha022,NVDA,False,train_ic,False,,,0.95,21.0,0.0021,-0.0075,-0.067,-1.68,-0.0194,-0.1634,-0.0008,0.0122,-0.069,-1.5214,-0.198587,-0.24652,0.215654,197,15,2,6,0.33,0.75,5.0,3.0,True,True,False,False,False,False,False,False,True,True,False,True,True,True,True,True
Alpha022,QQQ,False,train_performance,False,,,0.95,21.0,0.0325,0.037,0.419,-0.61,-0.0195,-0.022099999999999998,0.0392,0.0372,0.6147,0.5104,0.050604,-0.078442,0.233716,214,15,3,6,0.5,1.0,3.0,2.0,True,True,True,True,True,False,False,True,True,True,False,True,True,True,True,True
Alpha022,SPY,False,train_ic,False,,,0.95,21.0,-0.0128,-0.0098,-0.073,-1.13,0.0408,-0.1079,-0.0072,-0.0038,-0.0321,-1.3451,-0.107908,-0.1526,0.212917,194,15,3,6,0.5,0.5,3.0,2.0,True,True,False,False,False,False,False,False,True,True,False,False,True,True,True,True
Alpha022,XAUUSD,False,train_ic,False,,,0.99,76.0,0.0042,0.0051,0.075,-5.46,-0.0134,-0.39299999999999996,-0.0144,-0.0147,-0.1716,-7.7033,-0.604632,-0.60495,0.225415,706,52,0,6,0.0,0.75,6.0,2.5,True,True,False,False,False,False,False,False,False,True,False,True,True,True,True,True
Alpha023,000688.SH,False,train_rank_ic,False,,,1.0,16.0,-0.0245,-0.0115,-0.106,-1.59,0.0155,0.0064,-0.0509,-0.0554,-0.6424,0.5022,0.056311,-0.085815,0.226054,148,11,2,6,0.33,0.5,8.0,3.0,True,True,True,False,False,False,False,True,True,True,False,False,True,True,True,True
Alpha023,AG,False,train_rank_ic,False,,,1.0,42.0,-0.0316,-0.0192,-0.204,-2.21,-0.039,-0.1534,-0.0346,-0.029,-0.3553,-0.61,-0.117673,-0.185128,0.217212,368,29,1,6,0.17,1.0,8.0,4.0,True,True,True,False,False,False,False,False,True,True,False,True,True,True,True,True
Alpha023,AU,False,train_performance,False,,,1.0,42.0,-0.0934,-0.0981,-0.759,-0.05,-0.0944,-0.005,-0.1049,-0.1032,-0.9737,0.2708,0.028187,-0.102367,0.21338,362,29,2,6,0.33,1.0,6.0,3.0,True,True,True,True,True,False,False,False,True,True,False,True,True,True,True,True
Alpha023,EURUSD,True,,False,11,0.9651,1.0,78.0,-0.264,-0.2919,-3.553,11.58,-0.3072,1.1416,-0.2714,-0.2756,-3.0679,11.6022,2.643053,-0.012315,0.176405,552,52,6,6,1.0,1.0,1.5,0.5,True,True,True,True,True,True,True,True,True,True,True,True,True,True,True,True
Alpha023,HSTECH,False,train_performance,False,,,1.0,20.0,-0.049,-0.048,-0.371,-1.39,-0.0596,-0.09609999999999999,0.0095,0.0045,0.2956,-2.5797,-0.323989,-0.36415,0.208174,163,13,2,6,0.33,1.0,9.0,4.0,True,True,True,True,True,False,False,False,True,True,False,True,True,True,True,True
Alpha023,NVDA,False,validation_performance,False,,,1.0,23.0,-0.0558,-0.0439,-0.302,0.93,-0.0162,-0.0181,0.008,0.0066,0.3428,-2.0216,-0.262251,-0.327699,0.205255,188,15,3,6,0.5,0.75,5.0,3.0,True,True,True,True,True,True,False,False,True,True,False,True,True,True,True,True
Alpha023,QQQ,False,train_performance,False,,,1.0,23.0,-0.0215,-0.0266,-0.319,0.0,-0.0443,0.026099999999999998,-0.0034,-0.0168,0.0136,-0.2725,-0.039734,-0.136889,0.209633,192,15,4,6,0.67,0.75,3.0,2.0,True,True,True,True,True,False,True,False,True,True,True,True,True,True,True,True
Alpha023,SPY,False,validation_performance,False,,,1.0,23.0,-0.061,-0.0691,-0.563,2.4,-0.0386,-0.0311,-0.0957,-0.0805,-1.0326,2.2683,0.295567,-0.057641,0.221675,202,15,3,6,0.5,0.75,3.0,2.0,True,True,True,True,True,True,False,True,True,True,False,True,True,True,True,True
Alpha023,XAUUSD,False,train_performance,False,,,1.0,78.0,-0.085,-0.0926,-0.93,0.48,-0.101,0.24530000000000002,-0.0737,-0.066,-0.7864,-0.314,-0.070493,-0.1837,0.218391,684,52,4,6,0.67,1.0,6.0,2.5,True,True,True,True,True,False,True,False,True,True,True,True,True,True,True,True
Alpha024,000688.SH,False,train_ic,False,,,0.95,15.0,0.0153,0.0112,0.531,-0.02,0.0038,-0.0891,0.0167,0.0325,0.7888,0.9678,0.13602,-0.103708,0.041379,27,11,2,6,0.33,0.75,8.0,3.0,True,True,False,False,True,False,False,True,True,True,False,True,True,True,True,True
Alpha024,AG,False,train_performance,False,,,0.98,41.0,-0.024,-0.0243,0.591,0.44,0.0028,-0.1069,0.0032,-0.0069,0.6134,-0.6864,-0.153276,-0.218773,0.029767,50,29,4,6,0.67,0.5,8.0,4.0,True,True,True,True,True,False,False,False,True,True,True,False,True,True,True,True
Alpha024,AU,False,train_ic,False,,,0.98,41.0,0.0156,0.0157,1.28,1.14,0.0395,0.1542,0.0215,0.0217,1.0224,1.6481,0.261916,-0.054217,0.037725,64,29,4,6,0.67,0.75,6.0,3.0,True,True,False,False,True,True,True,True,True,True,True,True,True,True,True,True
Alpha024,EURUSD,True,,False,68,0.6405,0.99,77.0,0.0353,0.0352,1.3,6.53,0.0394,0.4171,0.032,0.0337,1.1433,6.725,1.134566,-0.030423,0.052842,166,52,5,6,0.83,1.0,1.5,0.5,True,True,True,True,True,True,True,True,True,True,True,True,True,True,True,True
Alpha024,HSTECH,False,train_ic,False,,,0.96,18.0,0.0089,0.0242,0.669,0.55,-0.0085,-0.0967,-0.0334,-0.0257,0.5295,-0.7316,-0.14561,-0.251212,0.035121,28,13,5,6,0.83,0.5,9.0,4.0,True,True,False,True,True,True,False,False,True,True,True,False,True,True,True,True
Alpha024,NVDA,False,train_rank_ic,False,,,0.96,21.0,-0.0268,-0.0196,0.316,0.61,0.0066,-0.1997,0.0152,0.0028,0.7324,-0.13,-0.046335,-0.166206,0.029557,27,15,3,6,0.5,0.5,5.0,3.0,True,True,True,False,True,True,False,False,True,True,False,False,True,True,True,True
Alpha024,QQQ,False,train_ic,False,,,0.96,21.0,0.0015,-0.0001,0.392,0.51,-0.0047,0.08650000000000001,0.016,0.0159,1.0322,0.7037,0.091769,-0.117346,0.037767,34,15,3,6,0.5,0.5,3.0,2.0,True,True,False,False,True,True,False,True,True,True,False,False,True,True,True,True
Alpha024,SPY,False,train_ic,False,,,0.96,21.0,-0.0194,-0.0239,0.759,-0.15,0.0039,-0.056600000000000004,0.0389,0.0381,0.952,-1.223,-0.142165,-0.178461,0.032841,30,15,1,6,0.17,0.75,3.0,2.0,True,True,False,True,True,False,False,False,True,True,False,True,True,True,True,True
Alpha024,XAUUSD,False,train_ic,False,,,0.99,77.0,0.0053,-0.0037,0.763,1.12,0.0108,0.2046,0.0408,0.0433,1.7024,3.9161,0.945331,-0.072264,0.039272,123,52,5,6,0.83,0.75,6.0,2.5,True,True,False,False,True,True,True,True,True,True,True,True,True,True,True,True
Alpha025,000688.SH,False,train_icir,False,,,0.94,14.0,-0.0321,-0.0266,-0.294,-2.46,-0.018,-0.2036,-0.0602,-0.048,-0.6691,-3.2915,-0.340873,-0.3483,0.490421,320,11,2,6,0.33,0.75,8.0,3.0,True,True,True,True,False,False,False,False,True,True,False,True,True,True,True,True
Alpha025,AG,False,train_performance,False,,,0.98,40.0,-0.0401,-0.0405,-0.426,-5.89,-0.0311,-0.4042,-0.0133,-0.0109,-0.1336,-5.9714,-0.667977,-0.669271,0.482464,818,29,0,6,0.0,1.0,8.0,4.0,True,True,True,True,True,False,False,False,False,True,False,True,True,True,True,True
Alpha025,AU,False,train_performance,False,,,0.98,40.0,-0.0926,-0.0962,-0.886,-2.22,-0.1101,-0.1465,-0.098,-0.0916,-0.9478,-2.6071,-0.288227,-0.323062,0.465665,790,29,1,6,0.17,1.0,6.0,3.0,True,True,True,True,True,False,False,False,True,True,False,True,True,True,True,True
Alpha025,EURUSD,True,,False,35,0.907,0.99,76.0,-0.3425,-0.3449,-4.173,16.94,-0.3274,1.5734000000000001,-0.3404,-0.3398,-3.6495,17.7012,6.369822,-0.005579,0.371009,1162,52,6,6,1.0,1.0,1.5,0.5,True,True,True,True,True,True,True,True,True,True,True,True,True,True,True,True
Alpha025,HSTECH,False,train_ic,False,,,0.95,18.0,0.0007,0.0035,0.053,-3.91,-0.0222,-0.3423,-0.0184,-0.0101,-0.0698,-4.3063,-0.46858,-0.471968,0.496169,388,13,0,6,0.0,0.5,9.0,4.0,True,True,False,False,False,False,False,False,True,True,False,False,True,True,True,True
Alpha025,NVDA,False,train_performance,False,,,0.95,21.0,-0.0367,-0.0363,-0.339,-0.48,-0.0273,-0.135,0.0271,0.0252,0.4694,-3.1315,-0.408428,-0.427102,0.484401,442,15,2,6,0.33,1.0,5.0,3.0,True,True,True,True,True,False,False,False,True,True,False,True,True,True,True,True
Alpha025,QQQ,False,train_icir,False,,,0.95,21.0,-0.0319,-0.0311,-0.259,-0.28,-0.0012,-0.1118,-0.0372,-0.0444,-0.3358,-0.7018,-0.085789,-0.122843,0.474001,433,15,3,6,0.5,0.75,3.0,2.0,True,True,True,True,False,False,False,False,True,True,False,True,True,True,True,True
Alpha025,SPY,False,train_performance,False,,,0.95,21.0,-0.0279,-0.0239,-0.322,0.11,-0.0554,-0.0219,-0.0498,-0.0491,-0.3899,0.1398,0.009592,-0.125939,0.469075,428,15,3,6,0.5,0.75,3.0,2.0,True,True,True,True,True,False,False,False,True,True,False,True,True,True,True,True
Alpha025,XAUUSD,False,train_performance,False,,,0.99,76.0,-0.0769,-0.0794,-0.726,-4.36,-0.1059,-0.17739999999999997,-0.0732,-0.0689,-0.6682,-3.8728,-0.487109,-0.500441,0.465198,1457,52,0,6,0.0,1.0,6.0,2.5,True,True,True,True,True,False,False,False,False,True,False,True,True,True,True,True
Alpha026,000688.SH,False,train_rank_ic,False,,,0.92,16.0,-0.021,-0.0096,-0.318,-0.05,-0.0348,0.09519999999999999,0.0032,-0.0005,-0.0063,-0.4337,-0.089304,-0.237243,0.0,0,10,2,6,0.33,0.75,8.0,3.0,True,True,True,False,True,False,True,False,True,True,False,True,True,True,True,True
Alpha026,AG,False,train_ic,False,,,0.9,39.0,0.0166,0.0172,0.158,0.14,-0.001,0.0,0.0237,0.0191,0.2114,0.0,0.0,0.0,0.0,0,26,0,6,0.0,1.0,8.0,4.0,True,True,False,False,False,False,False,False,True,True,False,True,True,True,True,True
Alpha026,AU,False,train_ic,False,,,0.81,34.0,-0.0078,-0.0054,-0.044,0.0,0.0331,0.0,-0.0026,-0.0096,-0.0234,0.0,0.0,0.0,0.0,0,24,0,6,0.0,0.75,6.0,3.0,True,True,False,False,False,False,False,False,True,True,False,True,True,True,True,True
Alpha026,EURUSD,False,factor_computable,False,,,0.55,44.0,0.0223,0.0231,0.202,0.0,0.0438,0.0,-0.0093,0.0002,-0.13,0.0,0.0,0.0,0.0,0,29,0,6,0.0,0.75,1.5,0.5,True,False,True,True,False,False,False,False,True,True,False,True,True,True,True,True
Alpha026,HSTECH,False,train_ic,False,,,0.94,19.0,-0.0136,-0.0163,-0.071,-1.18,-0.029,-0.1324,-0.0319,-0.0376,-0.3635,-0.1975,-0.071815,-0.302682,0.0,0,12,2,6,0.33,0.5,9.0,4.0,True,True,False,False,False,False,False,False,True,True,False,False,True,True,True,True
Alpha026,NVDA,False,train_ic,False,,,0.91,21.0,-0.0143,-0.0193,-0.124,-0.19,0.0192,0.0,0.0117,0.0113,0.1051,-1.5663,-0.066357,-0.076594,0.013136,12,14,0,6,0.0,0.5,5.0,3.0,True,True,False,False,False,False,False,False,True,True,False,False,True,True,True,True
Alpha026,QQQ,False,train_rank_ic,False,,,0.89,21.0,0.0273,0.0182,0.485,0.0,0.0245,0.0,-0.048,-0.0459,-0.4716,0.0,0.0,0.0,0.0,0,14,0,6,0.0,0.75,3.0,2.0,True,True,True,False,True,False,False,False,True,True,False,True,True,True,True,True
Alpha026,SPY,False,train_performance,False,,,0.88,20.0,0.0291,0.0285,0.383,0.0,0.022,0.0,0.0717,0.0737,1.7548,0.0,0.0,0.0,0.0,0,14,0,6,0.0,0.5,3.0,2.0,True,True,True,True,True,False,False,False,True,True,False,False,True,True,True,True
Alpha026,XAUUSD,False,train_ic,False,,,0.84,65.0,0.0095,0.0099,0.134,0.0,0.0144,0.0,-0.0069,-0.0102,-0.0538,0.0,0.0,0.0,0.0,0,44,0,6,0.0,0.5,6.0,2.5,True,True,False,False,False,False,False,False,True,True,False,False,True,True,True,True
Alpha027,000688.SH,False,train_ic,False,,,0.9,13.0,0.0125,0.0011,0.152,-0.56,0.0229,-0.1313,-0.019,-0.0177,-0.3146,-4.3822,-0.384844,-0.390478,0.169349,110,11,1,6,0.17,0.5,8.0,3.0,True,True,False,False,False,False,False,False,True,True,False,False,True,True,True,True
Alpha027,AG,False,train_ic,False,,,0.96,39.0,0.0081,0.0039,0.101,-1.08,-0.0156,-0.2469,-0.0011,-0.0073,-0.0109,-2.142,-0.373918,-0.428837,0.167698,284,28,1,6,0.17,0.75,8.0,4.0,True,True,False,False,False,False,False,False,True,True,False,True,True,True,True,True
Alpha027,AU,False,train_icir,False,,,0.96,39.0,0.0241,0.0206,0.275,-1.79,0.0208,-0.1886,-0.0171,-0.0178,0.0117,-3.7216,-0.377526,-0.404293,0.204833,348,29,0,6,0.0,0.75,6.0,3.0,True,True,True,True,False,False,False,False,True,True,False,True,True,True,True,True
Alpha027,EURUSD,False,train_ic,False,,,0.98,75.0,-0.0101,-0.0071,-0.073,-1.45,0.0242,-0.1307,0.019,0.016,0.1448,-2.3998,-0.25043,-0.266107,0.225894,708,52,0,6,0.0,0.5,1.5,0.5,True,True,False,False,False,False,False,False,True,True,False,False,True,True,True,True
Alpha027,HSTECH,False,train_ic,False,,,0.92,17.0,0.0158,0.0203,0.188,0.27,-0.0296,-0.17679999999999998,-0.0012,-0.0046,-0.0156,-1.7976,-0.248455,-0.328047,0.183908,144,13,2,6,0.33,0.75,9.0,4.0,True,True,False,True,False,False,False,False,True,True,False,True,True,True,True,True
Alpha027,NVDA,False,train_rank_ic,False,,,0.92,20.0,-0.0237,-0.0174,-0.021,1.07,-0.0182,0.0326,0.0404,0.0366,0.432,-0.9137,-0.189,-0.247881,0.133552,122,15,5,6,0.83,0.75,5.0,3.0,True,True,True,False,False,True,True,False,True,True,True,True,True,True,True,True
Alpha027,QQQ,False,train_ic,False,,,0.92,20.0,0.0104,0.0088,0.119,0.18,0.0053,0.11720000000000001,0.0081,0.0041,0.0868,-0.1288,-0.024016,-0.094699,0.147783,135,15,2,6,0.33,0.5,3.0,2.0,True,True,False,False,False,False,False,False,True,True,False,False,True,True,True,True
Alpha027,SPY,False,train_ic,False,,,0.93,20.0,0.0084,0.0107,0.121,-1.17,0.0322,0.0461,-0.0225,-0.0225,-0.2635,-0.4879,-0.060284,-0.138991,0.148331,136,15,3,6,0.5,0.75,3.0,2.0,True,True,False,False,False,False,True,False,True,True,False,True,True,True,True,True
Alpha027,XAUUSD,False,train_ic,False,,,0.98,75.0,0.0096,0.0058,0.073,-2.62,0.0063,-0.23120000000000002,-0.0113,-0.0101,-0.1371,-5.5058,-0.615372,-0.62778,0.192529,603,52,3,6,0.5,0.5,6.0,2.5,True,True,False,False,False,False,False,False,False,True,False,False,True,True,True,True
Alpha028,000688.SH,False,train_performance,False,,,0.94,14.0,-0.0418,-0.0267,-0.336,-2.52,-0.0084,-0.1375,-0.0668,-0.0562,-0.6428,-1.5929,-0.169827,-0.199759,0.405364,264,11,0,6,0.0,0.75,8.0,3.0,True,True,True,True,True,False,False,False,True,True,False,True,True,True,True,True
Alpha028,AG,False,train_performance,False,,,0.98,40.0,-0.0583,-0.0517,-0.605,-3.58,-0.0426,-0.3035,-0.0216,-0.0185,-0.2135,-4.1646,-0.507459,-0.514467,0.412319,700,29,0,6,0.0,1.0,8.0,4.0,True,True,True,True,True,False,False,False,False,True,False,True,True,True,True,True
Alpha028,AU,False,train_performance,False,,,0.98,40.0,-0.0676,-0.066,-0.636,-2.39,-0.0817,-0.15689999999999998,-0.1103,-0.1037,-0.9006,-1.3395,-0.155492,-0.226186,0.375184,636,29,2,6,0.33,1.0,6.0,3.0,True,True,True,True,True,False,False,False,True,True,False,True,True,True,True,True
Alpha028,EURUSD,False,train_ic,False,,,0.99,76.0,0.0018,-0.0022,-0.007,-2.01,0.0084,-0.11,0.0087,0.0096,0.1027,-1.1763,-0.139564,-0.17889,0.272829,854,52,2,6,0.33,0.5,1.5,0.5,True,True,False,False,False,False,False,False,True,True,False,False,True,True,True,True
Alpha028,HSTECH,False,train_ic,False,,,0.95,18.0,-0.0038,-0.0015,0.049,-3.8,-0.0232,-0.1778,-0.032,-0.0217,-0.2379,-3.9147,-0.431173,-0.448743,0.411877,322,13,0,6,0.0,0.5,9.0,4.0,True,True,False,False,False,False,False,False,True,True,False,False,True,True,True,True
Alpha028,NVDA,False,train_icir,False,,,0.95,21.0,-0.0232,-0.0329,-0.139,0.04,-0.04,0.08460000000000001,0.0319,0.0254,0.5403,-2.9804,-0.402902,-0.402902,0.394089,360,15,3,6,0.5,0.75,5.0,3.0,True,True,True,True,False,False,True,False,True,True,False,True,True,True,True,True
Alpha028,QQQ,False,train_icir,False,,,0.95,21.0,-0.0319,-0.0307,-0.249,-0.08,-0.0187,-0.0453,-0.0214,-0.0287,-0.1181,-1.2028,-0.141483,-0.186605,0.374932,342,15,3,6,0.5,0.75,3.0,2.0,True,True,True,True,False,False,False,False,True,True,False,True,True,True,True,True
Alpha028,SPY,False,train_performance,False,,,0.95,21.0,-0.0451,-0.0376,-0.515,0.25,-0.0531,-0.0078000000000000005,-0.0473,-0.0407,-0.3788,-0.2574,-0.029846,-0.151657,0.361795,330,15,4,6,0.67,1.0,3.0,2.0,True,True,True,True,True,False,False,False,True,True,True,True,True,True,True,True
Alpha028,XAUUSD,False,train_performance,False,,,0.99,76.0,-0.0947,-0.0955,-0.952,-2.6,-0.1312,-0.10529999999999999,-0.0921,-0.0879,-0.9005,-2.2683,-0.302572,-0.3047,0.402618,1261,52,3,6,0.5,1.0,6.0,2.5,True,True,True,True,True,False,False,False,True,True,False,True,True,True,True,True
Alpha029,000688.SH,False,factor_computable,True,,,0.78,9.0,0.0192,0.0295,0.299,-1.32,-0.0399,-0.1953,-0.1021,-0.0943,-1.0217,-6.7883,-0.568017,-0.569884,0.268966,176,11,3,6,0.5,0.67,8.0,3.0,True,False,False,True,False,False,False,False,False,True,False,False,True,True,True,True
Alpha029,AG,False,train_performance,True,,,0.91,35.0,-0.0667,-0.0655,-0.677,-0.93,-0.0711,-0.0463,-0.0479,-0.0475,-0.2994,-1.2825,-0.228892,-0.258539,0.313882,532,29,2,6,0.33,0.75,8.0,4.0,True,True,True,True,True,False,False,False,True,True,False,True,True,True,True,True
Alpha029,AU,False,train_performance,True,,,0.91,35.0,-0.1029,-0.0974,-1.222,0.13,-0.1323,0.0701,-0.1468,-0.1427,-1.7292,1.5598,0.201344,-0.05774,0.301208,511,29,4,6,0.67,1.0,6.0,3.0,True,True,True,True,True,False,True,True,True,True,True,True,True,True,True,True
Alpha029,EURUSD,True,,True,20,0.9428,0.95,71.0,-0.3355,-0.3324,-4.814,16.41,-0.3471,1.4024,-0.3162,-0.3073,-4.2889,18.3316,4.266778,-0.006577,0.274745,860,52,6,6,1.0,1.0,1.5,0.5,True,True,True,True,True,True,True,True,True,True,True,True,True,True,True,True
Alpha029,HSTECH,False,train_icir,True,,,0.81,13.0,0.0216,0.0215,0.064,-0.98,-0.0078,-0.25980000000000003,-0.0049,-0.0124,-0.0265,-2.5358,-0.356799,-0.372751,0.302682,237,13,2,6,0.33,1.0,9.0,4.0,True,True,True,True,False,False,False,False,True,True,False,True,True,True,True,True
Alpha029,NVDA,True,,True,138,0.1725,0.84,16.0,-0.0825,-0.0858,-0.753,1.83,-0.0632,0.0754,-0.0314,-0.0317,-0.2208,0.94,0.168982,-0.119449,0.299398,274,15,4,6,0.67,1.0,5.0,3.0,True,True,True,True,True,True,True,True,True,True,True,True,True,True,True,True
Alpha029,QQQ,True,,True,116,0.3574,0.84,16.0,-0.0689,-0.0781,-0.612,1.7,-0.1206,0.16699999999999998,-0.0633,-0.0586,-0.6523,1.5656,0.212246,-0.095158,0.281883,258,15,4,6,0.67,1.0,3.0,2.0,True,True,True,True,True,True,True,True,True,True,True,True,True,True,True,True
Alpha029,SPY,False,walk_forward,True,,,0.84,16.0,-0.0701,-0.0688,-0.55,2.12,-0.0914,0.1366,-0.0965,-0.098,-0.988,0.6848,0.072504,-0.090685,0.30104,275,15,3,6,0.5,0.67,3.0,2.0,True,True,True,True,True,True,True,True,True,True,False,False,True,True,True,True
Alpha029,XAUUSD,True,,True,99,0.4741,0.95,71.0,-0.1282,-0.1276,-1.15,2.0,-0.1484,0.39759999999999995,-0.1129,-0.1107,-1.239,1.9002,0.403492,-0.092104,0.303959,952,52,4,6,0.67,1.0,6.0,2.5,True,True,True,True,True,True,True,True,True,True,True,True,True,True,True,True
Alpha030,000688.SH,False,train_ic,True,,,0.94,14.0,-0.0156,-0.0091,-0.07,-1.22,-0.029,-0.0724,-0.0654,-0.0549,-0.5431,0.3506,0.039348,-0.124801,0.240613,157,11,2,6,0.33,0.5,8.0,3.0,True,True,False,False,False,False,False,False,True,True,False,False,True,True,True,True
Alpha030,AG,False,train_icir,True,,,0.98,40.0,-0.032,-0.0364,-0.27,-0.81,-0.0424,-0.0203,-0.0471,-0.0492,-0.4332,-1.6739,-0.286683,-0.359832,0.253463,430,29,2,6,0.33,0.75,8.0,4.0,True,True,True,True,False,False,False,False,True,True,False,True,True,True,True,True
Alpha030,AU,True,,True,63,0.6692,0.98,40.0,-0.1491,-0.155,-1.394,3.04,-0.1657,0.3519,-0.1554,-0.1479,-1.6298,3.4024,0.55548,-0.041902,0.223696,380,29,5,6,0.83,1.0,6.0,3.0,True,True,True,True,True,True,True,True,True,True,True,True,True,True,True,True
Alpha030,EURUSD,True,,True,15,0.9595,0.99,76.0,-0.397,-0.3937,-5.592,19.05,-0.3992,2.3824,-0.3976,-0.3929,-5.4719,22.1801,10.507118,-0.004435,0.201309,630,52,6,6,1.0,1.0,1.5,0.5,True,True,True,True,True,True,True,True,True,True,True,True,True,True,True,True
Alpha030,HSTECH,False,train_ic,True,,,0.95,18.0,-0.0143,-0.0161,-0.038,-2.31,-0.0135,-0.1514,-0.0109,-0.0027,0.0348,-1.5807,-0.265478,-0.354778,0.248404,194,13,2,6,0.33,0.5,9.0,4.0,True,True,False,False,False,False,False,False,True,True,False,False,True,True,True,True
Alpha030,NVDA,False,validation_performance,True,,,0.95,21.0,-0.062,-0.0657,-0.427,0.75,-0.0229,-0.0452,-0.0132,-0.014,0.0278,-0.9766,-0.193402,-0.280432,0.269294,246,15,5,6,0.83,1.0,5.0,3.0,True,True,True,True,True,True,False,False,True,True,True,True,True,True,True,True
Alpha030,QQQ,False,walk_forward,True,,,0.95,21.0,-0.062,-0.0614,-0.643,1.62,-0.0782,0.1547,-0.0586,-0.0689,-0.6265,1.324,0.189349,-0.066242,0.253968,232,15,3,6,0.5,0.75,3.0,2.0,True,True,True,True,True,True,True,True,True,True,False,True,True,True,True,True
Alpha030,SPY,False,validation_performance,True,,,0.95,21.0,-0.0649,-0.0631,-0.62,1.8,-0.036,-0.016,-0.0658,-0.0667,-0.6684,1.3254,0.163588,-0.073116,0.241379,220,15,3,6,0.5,1.0,3.0,2.0,True,True,True,True,True,True,False,True,True,True,False,True,True,True,True,True
Alpha030,XAUUSD,True,,True,89,0.5188,0.99,76.0,-0.1208,-0.1171,-1.038,2.81,-0.1563,0.7095999999999999,-0.111,-0.1051,-1.0324,2.2408,0.530522,-0.073649,0.235951,739,52,6,6,1.0,1.0,6.0,2.5,True,True,True,True,True,True,True,True,True,True,True,True,True,True,True,True
Alpha031,000688.SH,False,train_ic,False,,,0.81,10.0,-0.0105,-0.0006,-0.134,-1.73,-0.0597,0.0216,-0.0455,-0.0498,-0.8415,0.4517,0.050633,-0.103336,0.148659,97,11,2,6,0.33,0.67,8.0,3.0,True,True,False,False,False,False,True,False,True,True,False,False,True,True,True,True
Alpha031,AG,False,train_performance,False,,,0.93,36.0,-0.0262,-0.0319,-0.312,-1.12,-0.0178,-0.155,-0.0373,-0.0396,-0.3729,-0.7727,-0.157084,-0.255389,0.147362,250,29,2,6,0.33,1.0,8.0,4.0,True,True,True,True,True,False,False,False,True,True,False,True,True,True,True,True
Alpha031,AU,False,train_performance,False,,,0.93,36.0,-0.0734,-0.0776,-0.747,-0.19,-0.0387,-0.1391,-0.0761,-0.077,-0.554,-0.9007,-0.11946,-0.268597,0.145889,248,29,3,6,0.5,1.0,6.0,3.0,True,True,True,True,True,False,False,False,True,True,False,True,True,True,True,True
Alpha031,EURUSD,True,,False,70,0.6181,0.96,72.0,-0.1481,-0.1726,-1.349,3.08,-0.1364,0.22640000000000002,-0.1441,-0.1642,-1.5053,2.9955,0.434602,-0.064424,0.138889,435,52,5,6,0.83,1.0,1.5,0.5,True,True,True,True,True,True,True,True,True,True,True,True,True,True,True,True
Alpha031,HSTECH,False,train_ic,False,,,0.84,13.0,0.0099,0.0078,0.227,-0.27,-0.0021,0.019,0.0094,0.0021,0.2177,-0.5583,-0.109729,-0.14283,0.152618,120,13,2,6,0.33,0.33,9.0,4.0,True,True,False,False,False,False,False,False,True,True,False,False,True,True,True,True
Alpha031,NVDA,False,train_performance,False,,,0.86,17.0,-0.0264,-0.0336,-0.468,0.02,-0.0384,0.08810000000000001,-0.0273,-0.0245,-0.2421,1.0126,0.20061,-0.108651,0.14231,130,15,3,6,0.5,1.0,5.0,3.0,True,True,True,True,True,False,True,True,True,True,False,True,True,True,True,True
Alpha031,QQQ,False,train_rank_ic,False,,,0.86,17.0,0.0238,0.0126,0.456,0.3,-0.0461,-0.10279999999999999,-0.0346,-0.0421,-0.3801,-1.3775,-0.168607,-0.168607,0.140668,128,15,1,6,0.17,0.67,3.0,2.0,True,True,True,False,True,False,False,False,True,True,False,False,True,True,True,True
Alpha031,SPY,False,validation_performance,False,,,0.86,17.0,-0.0414,-0.0451,-0.402,0.6,-0.0046,-0.11109999999999999,-0.0331,-0.0374,-0.2453,0.0989,0.004885,-0.094849,0.159278,146,15,3,6,0.5,0.67,3.0,2.0,True,True,True,True,True,True,False,False,True,True,False,False,True,True,True,True
Alpha031,XAUUSD,False,validation_performance,False,,,0.96,72.0,-0.0609,-0.0723,-0.541,0.58,-0.0522,-0.1593,-0.0609,-0.0659,-0.5903,-0.1539,-0.042523,-0.146994,0.149106,467,52,1,6,0.17,1.0,6.0,2.5,True,True,True,True,True,True,False,False,True,True,False,True,True,True,True,True
Alpha032,000688.SH,False,train_ic,True,,,0.91,14.0,-0.0023,-0.0115,-0.068,-0.62,-0.0407,0.029300000000000003,0.0275,0.0176,-0.2844,0.735,0.108107,-0.135085,0.05977,39,11,2,6,0.33,0.25,8.0,3.0,True,True,False,False,False,False,True,False,True,True,False,False,True,True,True,True
Alpha032,AG,False,validation_performance,True,,,0.96,40.0,-0.0609,-0.0596,-0.522,0.6,-0.0432,-0.113,-0.0552,-0.0557,-0.4903,0.9024,0.183196,-0.076178,0.113764,193,29,0,6,0.0,1.0,8.0,4.0,True,True,True,True,True,True,False,True,True,True,False,True,True,True,True,True
Alpha032,AU,True,,True,82,0.5539,0.96,40.0,-0.1044,-0.1079,-1.462,1.36,-0.0864,0.14150000000000001,-0.1075,-0.1083,-1.4424,2.8643,0.503531,-0.056644,0.09107,154,29,5,6,0.83,1.0,6.0,3.0,True,True,True,True,True,True,True,True,True,True,True,True,True,True,True,True
Alpha032,EURUSD,True,,True,1,0.9907,0.98,75.0,-0.3194,-0.3237,-5.535,13.82,-0.3306,1.3987,-0.3112,-0.3082,-5.0472,11.5066,2.884679,-0.03472,0.063857,200,52,6,6,1.0,1.0,1.5,0.5,True,True,True,True,True,True,True,True,True,True,True,True,True,True,True,True
Alpha032,HSTECH,False,train_ic,True,,,0.92,17.0,-0.0057,0.0124,0.08,-0.54,-0.0143,-0.17600000000000002,-0.0447,-0.025,-0.0053,1.3965,0.27535,-0.105146,0.100894,79,13,2,6,0.33,0.75,9.0,4.0,True,True,False,False,False,False,False,True,True,True,False,True,True,True,True,True
Alpha032,NVDA,False,train_icir,True,,,0.93,20.0,-0.0343,-0.0294,-0.223,0.63,-0.0107,-0.0481,-0.0047,-0.0136,0.2364,0.0951,-0.000974,-0.238713,0.122605,112,15,4,6,0.67,0.5,5.0,3.0,True,True,True,True,False,True,False,False,True,True,True,False,True,True,True,True
Alpha032,QQQ,True,,True,122,0.3348,0.93,20.0,-0.0331,-0.0374,-0.516,0.51,-0.0853,0.18489999999999998,-0.0271,-0.0225,-0.4426,0.9377,0.140647,-0.088916,0.064039,58,15,5,6,0.83,1.0,3.0,2.0,True,True,True,True,True,True,True,True,True,True,True,True,True,True,True,True
Alpha032,SPY,True,,True,121,0.3392,0.93,20.0,-0.0733,-0.0722,-0.788,1.72,-0.0663,0.102,-0.0578,-0.0486,-0.7859,0.7216,0.079146,-0.107598,0.130268,119,15,5,6,0.83,1.0,3.0,2.0,True,True,True,True,True,True,True,True,True,True,True,True,True,True,True,True
Alpha032,XAUUSD,True,,True,79,0.5726,0.98,75.0,-0.1201,-0.1217,-1.338,4.07,-0.1228,0.6364,-0.0867,-0.0779,-1.2639,2.5719,0.643895,-0.064066,0.092114,288,52,6,6,1.0,1.0,6.0,2.5,True,True,True,True,True,True,True,True,True,True,True,True,True,True,True,True
Alpha033,000688.SH,False,train_performance,False,,,0.94,14.0,-0.0376,-0.0321,-0.337,-2.23,-0.0213,-0.1699,-0.0664,-0.0543,-0.7383,-2.3305,-0.260201,-0.280079,0.491188,320,11,1,6,0.17,0.75,8.0,3.0,True,True,True,True,True,False,False,False,True,True,False,True,True,True,True,True
Alpha033,AG,False,train_performance,False,,,0.98,40.0,-0.0517,-0.0517,-0.556,-4.54,-0.0429,-0.3337,-0.0232,-0.021,-0.2258,-5.7716,-0.648551,-0.649921,0.480696,816,29,0,6,0.0,1.0,8.0,4.0,True,True,True,True,True,False,False,False,False,True,False,True,True,True,True,True
Alpha033,AU,False,train_performance,False,,,0.98,40.0,-0.1166,-0.1208,-1.133,-1.35,-0.1337,-0.042199999999999994,-0.1254,-0.1193,-1.2274,-1.6451,-0.187662,-0.217709,0.45977,780,29,1,6,0.17,1.0,6.0,3.0,True,True,True,True,True,False,False,False,True,True,False,True,True,True,True,True
Alpha033,EURUSD,True,,False,33,0.9172,0.99,76.0,-0.3812,-0.3854,-5.045,18.64,-0.374,1.9682,-0.3786,-0.3791,-4.2594,19.6777,7.803087,-0.007554,0.36143,1132,52,6,6,1.0,1.0,1.5,0.5,True,True,True,True,True,True,True,True,True,True,True,True,True,True,True,True
Alpha033,HSTECH,False,train_ic,False,,,0.95,18.0,-0.002,0.0013,0.015,-3.95,-0.0249,-0.244,-0.0273,-0.0197,-0.1905,-4.2449,-0.499966,-0.500369,0.496169,388,13,2,6,0.33,0.5,9.0,4.0,True,True,False,False,False,False,False,False,False,True,False,False,True,True,True,True
Alpha033,NVDA,False,train_performance,False,,,0.95,21.0,-0.0416,-0.0411,-0.389,-0.34,-0.0324,-0.0966,0.0233,0.0223,0.4116,-2.8652,-0.394824,-0.413928,0.478927,438,15,2,6,0.33,1.0,5.0,3.0,True,True,True,True,True,False,False,False,True,True,False,True,True,True,True,True
Alpha033,QQQ,False,train_performance,False,,,0.95,21.0,-0.0419,-0.0409,-0.362,0.42,-0.0115,-0.031400000000000004,-0.0453,-0.0526,-0.4238,0.2456,0.023087,-0.085472,0.457581,418,15,3,6,0.5,0.75,3.0,2.0,True,True,True,True,True,False,False,False,True,True,False,True,True,True,True,True
Alpha033,SPY,False,validation_performance,False,,,0.95,21.0,-0.0407,-0.0369,-0.499,0.97,-0.0697,-0.0037,-0.0623,-0.0612,-0.5055,0.3367,0.031907,-0.112265,0.466886,426,15,4,6,0.67,1.0,3.0,2.0,True,True,True,True,True,True,False,False,True,True,True,True,True,True,True,True
Alpha033,XAUUSD,False,train_performance,False,,,0.99,76.0,-0.0983,-0.1,-0.963,-2.81,-0.124,-0.0512,-0.092,-0.0874,-0.8353,-2.2099,-0.335781,-0.352328,0.461047,1444,52,2,6,0.33,1.0,6.0,2.5,True,True,True,True,True,False,False,False,True,True,False,True,True,True,True,True
Alpha034,000688.SH,False,train_performance,False,,,0.9,13.0,-0.025,-0.0236,-0.365,-2.66,-0.036,-0.2043,-0.0528,-0.0437,-0.7475,-1.9179,-0.201673,-0.234487,0.457471,298,11,1,6,0.17,1.0,8.0,3.0,True,True,True,True,True,False,False,False,True,True,False,True,True,True,True,True
Alpha034,AG,False,train_icir,False,,,0.96,39.0,-0.0277,-0.0282,-0.25,-4.58,0.015,-0.5023,-0.0147,-0.0106,-0.0943,-5.0047,-0.600193,-0.601871,0.45476,772,29,0,6,0.0,0.75,8.0,4.0,True,True,True,True,False,False,False,False,False,True,False,True,True,True,True,True
Alpha034,AU,False,train_performance,False,,,0.96,39.0,-0.0937,-0.0934,-1.002,-2.91,-0.0798,-0.1505,-0.09,-0.0835,-0.9617,-3.6444,-0.355436,-0.36027,0.458002,777,29,2,6,0.33,1.0,6.0,3.0,True,True,True,True,True,False,False,False,True,True,False,True,True,True,True,True
Alpha034,EURUSD,True,,False,34,0.9123,0.98,75.0,-0.2739,-0.2759,-3.447,14.48,-0.2737,1.1924,-0.2806,-0.2809,-3.3096,15.1993,3.450036,-0.009378,0.408525,1280,52,6,6,1.0,1.0,1.5,0.5,True,True,True,True,True,True,True,True,True,True,True,True,True,True,True,True
Alpha034,HSTECH,False,train_ic,False,,,0.92,17.0,-0.0189,-0.0216,-0.231,-2.54,-0.0487,-0.1679,-0.0225,-0.0198,-0.3315,-4.25,-0.494258,-0.494666,0.466794,366,13,3,6,0.5,0.75,9.0,4.0,True,True,False,True,False,False,False,False,True,True,False,True,True,True,True,True
Alpha034,NVDA,False,train_ic,False,,,0.93,20.0,-0.0176,-0.0144,-0.154,-1.43,-0.0251,-0.1769,0.0104,0.0102,0.1578,-2.768,-0.370557,-0.396843,0.473454,432,15,1,6,0.17,0.75,5.0,3.0,True,True,False,False,False,False,False,False,True,True,False,True,True,True,True,True
Alpha034,QQQ,False,train_rank_ic,False,,,0.93,20.0,-0.0208,-0.0133,-0.165,-0.78,-0.0245,-0.026000000000000002,-0.0048,-0.0092,-0.0018,-1.8503,-0.190764,-0.209466,0.455939,416,15,1,6,0.17,0.75,3.0,2.0,True,True,True,False,False,False,False,False,True,True,False,True,True,True,True,True
Alpha034,SPY,False,train_performance,False,,,0.93,20.0,-0.0525,-0.0545,-0.632,0.3,-0.0607,0.023399999999999997,-0.0862,-0.0877,-1.05,0.1827,0.014198,-0.09486,0.46798,428,15,4,6,0.67,1.0,3.0,2.0,True,True,True,True,True,False,True,False,True,True,True,True,True,True,True,True
Alpha034,XAUUSD,False,train_performance,False,,,0.98,75.0,-0.0764,-0.0777,-0.801,-4.03,-0.0936,-0.242,-0.0893,-0.0847,-0.997,-3.037,-0.412265,-0.414244,0.446041,1397,52,0,6,0.0,1.0,6.0,2.5,True,True,True,True,True,False,False,False,True,True,False,True,True,True,True,True
Alpha035,000688.SH,False,train_ic,False,,,0.99,16.0,-0.0184,-0.0128,-0.086,-2.53,0.0005,-0.0965,-0.064,-0.0514,-0.7262,-0.5701,-0.048383,-0.08156,0.194636,127,11,0,6,0.0,0.75,8.0,3.0,True,True,False,False,False,False,False,False,True,True,False,True,True,True,True,True
Alpha035,AG,False,train_icir,False,,,1.0,42.0,-0.0286,-0.0252,-0.199,-4.4,-0.0579,-0.08349999999999999,-0.0208,-0.0287,-0.0725,-4.5014,-0.400742,-0.410143,0.202181,343,29,0,6,0.0,1.0,8.0,4.0,True,True,True,True,False,False,False,False,True,True,False,True,True,True,True,True
Alpha035,AU,False,train_performance,False,,,1.0,42.0,-0.1048,-0.1185,-1.259,-2.24,-0.1374,-0.0192,-0.1186,-0.1252,-1.1134,-0.7741,-0.06262,-0.080918,0.175066,297,29,3,6,0.5,1.0,6.0,3.0,True,True,True,True,True,False,False,False,True,True,False,True,True,True,True,True
Alpha035,EURUSD,True,,False,7,0.9718,1.0,78.0,-0.3044,-0.3345,-3.762,9.96,-0.3071,0.33490000000000003,-0.3211,-0.3336,-4.3342,11.6581,1.010486,-0.00514,0.14719,461,52,6,6,1.0,1.0,1.5,0.5,True,True,True,True,True,True,True,True,True,True,True,True,True,True,True,True
Alpha035,HSTECH,False,train_ic,False,,,0.99,19.0,-0.01,-0.0075,0.127,-3.28,0.0098,-0.1425,-0.0291,-0.0091,-0.086,-1.8599,-0.174759,-0.214947,0.210728,165,13,2,6,0.33,0.5,9.0,4.0,True,True,False,False,False,False,False,False,True,True,False,False,True,True,True,True
Alpha035,NVDA,False,train_performance,False,,,0.99,23.0,-0.0519,-0.0402,-0.323,-0.26,-0.0297,-0.12710000000000002,0.0115,0.0209,0.3986,-1.9405,-0.213306,-0.25818,0.222222,203,15,2,6,0.33,1.0,5.0,3.0,True,True,True,True,True,False,False,False,True,True,False,True,True,True,True,True
Alpha035,QQQ,False,train_performance,False,,,0.99,23.0,-0.0476,-0.058,-0.451,0.15,-0.0801,-0.018799999999999997,-0.0602,-0.0614,-0.435,0.25,0.017673,-0.092048,0.190476,174,15,2,6,0.33,1.0,3.0,2.0,True,True,True,True,True,False,False,False,True,True,False,True,True,True,True,True
Alpha035,SPY,False,train_performance,False,,,0.99,23.0,-0.0583,-0.0667,-0.435,0.13,-0.0764,-0.0013,-0.074,-0.0666,-0.5789,0.3675,0.022622,-0.050084,0.180624,165,15,4,6,0.67,0.75,3.0,2.0,True,True,True,True,True,False,False,False,True,True,True,True,True,True,True,True
Alpha035,XAUUSD,False,train_performance,False,,,1.0,78.0,-0.1087,-0.1129,-0.986,-1.88,-0.1503,0.035699999999999996,-0.0941,-0.087,-0.9222,-3.3985,-0.28361,-0.28361,0.183269,574,52,3,6,0.5,1.0,6.0,2.5,True,True,True,True,True,False,True,False,True,True,False,True,True,True,True,True
Alpha036,000688.SH,False,train_performance,False,,,0.92,14.0,0.0378,0.0355,0.441,-0.75,-0.0122,-0.1469,0.0067,-0.0007,0.0071,-2.4949,-0.27231,-0.287394,0.197701,129,11,2,6,0.33,0.5,8.0,3.0,True,True,True,True,True,False,False,False,True,True,False,False,True,True,True,True
Alpha036,AG,False,train_ic,False,,,0.97,40.0,0.0161,0.0156,0.096,-1.31,-0.0018,-0.2631,0.0008,0.0007,-0.0114,-2.5019,-0.385956,-0.414525,0.177719,302,29,1,6,0.17,0.75,8.0,4.0,True,True,False,False,False,False,False,False,True,True,False,True,True,True,True,True
Alpha036,AU,False,train_performance,False,,,0.97,40.0,0.0361,0.0347,0.419,-1.18,0.0437,-0.1643,-0.0194,-0.0176,-0.0583,-3.8485,-0.401076,-0.417913,0.188624,320,29,0,6,0.0,1.0,6.0,3.0,True,True,True,True,True,False,False,False,True,True,False,True,True,True,True,True
Alpha036,EURUSD,False,train_ic,False,,,0.98,76.0,-0.0166,-0.0153,-0.047,-0.69,0.0014,-0.1048,0.022,0.0279,0.2021,-2.2691,-0.260823,-0.278252,0.177043,554,52,2,6,0.33,0.75,1.5,0.5,True,True,False,False,False,False,False,False,True,True,False,True,True,True,True,True
Alpha036,HSTECH,False,train_icir,False,,,0.93,17.0,0.0268,0.0222,0.233,-0.33,-0.0283,-0.2981,-0.0064,-0.012,-0.2148,-2.433,-0.365102,-0.387398,0.192848,151,13,1,6,0.17,0.75,9.0,4.0,True,True,True,True,False,False,False,False,True,True,False,True,True,True,True,True
Alpha036,NVDA,False,train_performance,False,,,0.94,20.0,0.0275,0.0315,0.354,0.31,-0.0725,-0.28800000000000003,-0.0336,-0.0425,-0.628,-1.8686,-0.307433,-0.337657,0.197592,180,15,2,6,0.33,0.75,5.0,3.0,True,True,True,True,True,False,False,False,True,True,False,True,True,True,True,True
Alpha036,QQQ,False,train_ic,False,,,0.94,20.0,0.011,0.0106,0.182,-0.26,-0.0127,0.0101,-0.0492,-0.0499,-0.4211,-3.2235,-0.367249,-0.388177,0.189381,173,15,3,6,0.5,0.75,3.0,2.0,True,True,False,False,False,False,False,False,True,True,False,True,True,True,True,True
Alpha036,SPY,False,train_performance,False,,,0.94,20.0,0.0274,0.0312,0.314,0.04,0.0145,-0.0326,-0.0196,-0.0181,-0.228,-1.3645,-0.138347,-0.184042,0.19376,177,15,3,6,0.5,0.75,3.0,2.0,True,True,True,True,True,False,False,False,True,True,False,True,True,True,True,True
Alpha036,XAUUSD,False,train_performance,False,,,0.98,76.0,0.0319,0.035,0.329,-1.65,0.0083,-0.2188,-0.0185,-0.0235,-0.2102,-5.3048,-0.622228,-0.623251,0.184866,579,52,2,6,0.33,1.0,6.0,2.5,True,True,True,True,True,False,False,False,False,True,False,True,True,True,True,True
Alpha037,000688.SH,False,train_ic,False,,,0.92,14.0,-0.0022,-0.0023,-0.14,-2.32,-0.0415,-0.08070000000000001,-0.0327,-0.0264,-0.6744,-1.4848,-0.199003,-0.262226,0.269732,176,11,2,6,0.33,0.75,8.0,3.0,True,True,False,False,False,False,False,False,True,True,False,True,True,True,True,True
Alpha037,AG,False,train_icir,False,,,0.97,40.0,-0.0438,-0.0414,-0.264,-0.98,-0.0175,-0.2523,-0.0075,-0.0123,0.0328,-2.818,-0.445353,-0.49691,0.254052,431,29,1,6,0.17,1.0,8.0,4.0,True,True,True,True,False,False,False,False,True,True,False,True,True,True,True,True
Alpha037,AU,False,train_performance,False,,,0.97,40.0,-0.0615,-0.0542,-0.573,-1.36,-0.0772,-0.027200000000000002,-0.0559,-0.0513,-0.5413,-1.477,-0.194749,-0.237094,0.253758,430,29,2,6,0.33,1.0,6.0,3.0,True,True,True,True,True,False,False,False,True,True,False,True,True,True,True,True
Alpha037,EURUSD,True,,False,36,0.9056,0.98,76.0,-0.2016,-0.1941,-2.127,6.16,-0.2164,0.7012,-0.1953,-0.1872,-2.4557,5.9067,1.047069,-0.02313,0.175287,549,52,6,6,1.0,1.0,1.5,0.5,True,True,True,True,True,True,True,True,True,True,True,True,True,True,True,True
Alpha037,HSTECH,False,train_rank_ic,False,,,0.93,17.0,-0.0222,-0.0122,-0.033,-1.2,-0.0084,-0.06309999999999999,-0.035,-0.0215,-0.268,-0.8409,-0.157899,-0.199782,0.266922,209,13,3,6,0.5,0.75,9.0,4.0,True,True,True,False,False,False,False,False,True,True,False,True,True,True,True,True
Alpha037,NVDA,False,train_icir,False,,,0.94,20.0,-0.0241,-0.0272,-0.129,0.12,0.0111,-0.213,0.018,0.0143,0.3631,-0.7891,-0.152389,-0.199162,0.276957,253,15,1,6,0.17,0.5,5.0,3.0,True,True,True,True,False,False,False,False,True,True,False,False,True,True,True,True
Alpha037,QQQ,False,train_ic,False,,,0.94,20.0,0.0061,0.0061,0.062,-0.99,-0.0535,-0.16620000000000001,-0.0392,-0.0365,-0.4584,-2.3402,-0.275061,-0.290338,0.252874,231,15,2,6,0.33,0.5,3.0,2.0,True,True,False,False,False,False,False,False,True,True,False,False,True,True,True,True
Alpha037,SPY,False,train_icir,False,,,0.94,20.0,-0.0272,-0.0281,-0.174,0.71,-0.0129,-0.0673,-0.0036,0.0002,-0.0873,-1.5391,-0.167801,-0.192628,0.279693,256,15,3,6,0.5,0.75,3.0,2.0,True,True,True,True,False,True,False,False,True,True,False,True,True,True,True,True
Alpha037,XAUUSD,False,train_performance,False,,,0.98,76.0,-0.0644,-0.063,-0.642,-0.72,-0.0543,-0.09539999999999998,-0.0359,-0.0334,-0.4602,-2.7961,-0.442466,-0.464083,0.245211,768,52,2,6,0.33,1.0,6.0,2.5,True,True,True,True,True,False,False,False,True,True,False,True,True,True,True,True
Alpha038,000688.SH,False,train_icir,True,,,0.94,14.0,-0.0322,-0.0269,-0.192,-1.66,-0.0435,-0.1491,-0.0844,-0.0789,-0.8453,0.413,0.048647,-0.130026,0.324904,212,11,2,6,0.33,0.75,8.0,3.0,True,True,True,True,False,False,False,False,True,True,False,True,True,True,True,True
Alpha038,AG,False,train_performance,True,,,0.98,40.0,-0.0592,-0.0679,-0.592,-1.74,-0.064,-0.045599999999999995,-0.0409,-0.0434,-0.3243,-2.8954,-0.430134,-0.447827,0.336281,570,29,1,6,0.17,1.0,8.0,4.0,True,True,True,True,True,False,False,False,True,True,False,True,True,True,True,True
Alpha038,AU,True,,True,80,0.5711,0.98,40.0,-0.1389,-0.1585,-1.271,1.64,-0.1514,0.1366,-0.153,-0.1624,-1.5982,2.111,0.325657,-0.063372,0.314176,533,29,5,6,0.83,1.0,6.0,3.0,True,True,True,True,True,True,True,True,True,True,True,True,True,True,True,True
Alpha038,EURUSD,True,,True,19,0.9432,0.99,76.0,-0.387,-0.4262,-5.654,21.56,-0.3828,2.4732,-0.3823,-0.4204,-4.9859,22.3241,10.655294,-0.006465,0.258142,808,52,6,6,1.0,1.0,1.5,0.5,True,True,True,True,True,True,True,True,True,True,True,True,True,True,True,True
Alpha038,HSTECH,False,train_ic,True,,,0.95,18.0,-0.0031,-0.0052,0.092,-2.75,-0.027,-0.1784,-0.0199,-0.0134,0.0869,-0.9356,-0.170062,-0.290798,0.333972,262,13,2,6,0.33,0.25,9.0,4.0,True,True,False,False,False,False,False,False,True,True,False,False,True,True,True,True
Alpha038,NVDA,False,train_performance,True,,,0.95,21.0,-0.0484,-0.0475,-0.336,0.22,-0.0353,-0.0286,0.0229,0.016,0.3888,-2.1087,-0.330422,-0.339212,0.360153,329,15,4,6,0.67,1.0,5.0,3.0,True,True,True,True,True,False,False,False,True,True,True,True,True,True,True,True
Alpha038,QQQ,True,,True,130,0.3008,0.95,21.0,-0.0574,-0.0618,-0.549,0.53,-0.0492,0.0075,-0.0595,-0.073,-0.5657,1.9302,0.281924,-0.056787,0.328407,300,15,5,6,0.83,0.75,3.0,2.0,True,True,True,True,True,True,True,True,True,True,True,True,True,True,True,True
Alpha038,SPY,False,walk_forward,True,,,0.95,21.0,-0.0701,-0.0672,-0.797,1.69,-0.0786,0.0819,-0.0712,-0.0787,-0.6263,1.1577,0.138854,-0.085534,0.335523,306,15,3,6,0.5,1.0,3.0,2.0,True,True,True,True,True,True,True,True,True,True,False,True,True,True,True,True
Alpha038,XAUUSD,True,,True,103,0.4538,0.99,76.0,-0.1227,-0.1335,-1.185,1.8,-0.146,0.442,-0.1149,-0.1203,-0.9987,1.7431,0.394794,-0.078298,0.324872,1018,52,5,6,0.83,1.0,6.0,2.5,True,True,True,True,True,True,True,True,True,True,True,True,True,True,True,True
Alpha039,000688.SH,False,train_icir,True,,,0.9,13.0,-0.0346,-0.0238,0.156,-0.62,-0.08,0.149,-0.0962,-0.0944,-0.5614,2.1191,0.328598,-0.062108,0.124904,82,11,2,6,0.33,0.5,8.0,3.0,True,True,True,True,False,False,True,True,True,True,False,False,True,True,True,True
Alpha039,AG,False,train_icir,True,,,0.96,39.0,-0.0484,-0.0551,-0.262,-0.17,-0.0442,-0.013500000000000002,-0.0479,-0.0423,-0.2048,-0.0405,-0.024868,-0.173613,0.141173,240,29,2,6,0.33,1.0,8.0,4.0,True,True,True,True,False,False,False,False,True,True,False,True,True,True,True,True
Alpha039,AU,False,walk_forward,True,,,0.96,39.0,-0.104,-0.1135,-1.027,1.17,-0.1177,0.1638,-0.1275,-0.132,-1.4892,3.1177,0.490641,-0.047589,0.11789,200,29,3,6,0.5,1.0,6.0,3.0,True,True,True,True,True,True,True,True,True,True,False,True,True,True,True,True
Alpha039,EURUSD,True,,True,8,0.971,0.98,75.0,-0.2876,-0.3085,-3.931,11.91,-0.2784,0.7587,-0.2707,-0.2862,-3.5296,12.2641,1.965391,-0.011063,0.105683,331,52,6,6,1.0,1.0,1.5,0.5,True,True,True,True,True,True,True,True,True,True,True,True,True,True,True,True
Alpha039,HSTECH,False,train_ic,True,,,0.92,17.0,0.0014,-0.0014,0.245,-0.41,0.0358,-0.0984,-0.0332,-0.0244,0.1899,-2.301,-0.339994,-0.351913,0.146871,115,13,4,6,0.67,0.75,9.0,4.0,True,True,False,False,False,False,False,False,True,True,True,True,True,True,True,True
Alpha039,NVDA,False,train_icir,True,,,0.93,20.0,-0.0273,-0.0268,0.028,0.84,-0.0246,0.0636,-0.0139,-0.0118,0.1806,0.4483,0.073631,-0.190059,0.148878,136,15,3,6,0.5,0.75,5.0,3.0,True,True,True,True,False,True,True,False,True,True,False,True,True,True,True,True
Alpha039,QQQ,True,,True,136,0.2237,0.93,20.0,-0.0663,-0.0758,-0.695,1.54,-0.0597,0.1115,-0.0375,-0.0398,-0.0668,0.6764,0.086696,-0.094523,0.15052,138,15,4,6,0.67,1.0,3.0,2.0,True,True,True,True,True,True,True,True,True,True,True,True,True,True,True,True
Alpha039,SPY,False,walk_forward,True,,,0.93,20.0,-0.0642,-0.065,-0.364,1.28,-0.0603,0.054299999999999994,-0.0829,-0.0879,-0.5754,1.9625,0.270601,-0.080543,0.139573,128,15,3,6,0.5,0.75,3.0,2.0,True,True,True,True,True,True,True,True,True,True,False,True,True,True,True,True
Alpha039,XAUUSD,True,,True,83,0.5407,0.98,75.0,-0.0988,-0.1079,-0.791,2.36,-0.1298,0.6475,-0.1024,-0.1052,-0.8841,2.6099,0.596174,-0.066285,0.130747,410,52,6,6,1.0,1.0,6.0,2.5,True,True,True,True,True,True,True,True,True,True,True,True,True,True,True,True
Alpha040,000688.SH,False,train_ic,False,,,0.94,14.0,0.0167,0.009,0.117,-2.28,0.0007,-0.0421,0.0026,-0.0099,0.041,-0.838,-0.097077,-0.180196,0.150192,98,11,2,6,0.33,0.75,8.0,3.0,True,True,False,False,False,False,False,False,True,True,False,True,True,True,True,True
Alpha040,AG,False,train_ic,False,,,0.98,40.0,0.0015,0.0038,-0.035,-2.97,-0.0158,-0.2426,0.0045,-0.0104,-0.0073,-2.9549,-0.406489,-0.443441,0.152373,258,29,0,6,0.0,0.25,8.0,4.0,True,True,False,False,False,False,False,False,True,True,False,False,True,True,True,True
Alpha040,AU,False,train_ic,False,,,0.98,40.0,-0.0123,-0.0046,-0.077,-3.07,-0.0104,-0.125,-0.009,-0.0124,0.0172,-3.0676,-0.289183,-0.292773,0.174772,296,29,1,6,0.17,0.5,6.0,3.0,True,True,False,False,False,False,False,False,True,True,False,False,True,True,True,True
Alpha040,EURUSD,False,train_ic,False,,,0.99,76.0,0.0034,0.0137,0.043,-1.74,0.0009,-0.1043,0.0062,-0.0021,0.0481,-0.8449,-0.094593,-0.112844,0.178321,558,52,2,6,0.33,0.75,1.5,0.5,True,True,False,False,False,False,False,False,True,True,False,True,True,True,True,True
Alpha040,HSTECH,False,train_icir,False,,,0.95,18.0,-0.0235,-0.0269,-0.184,-0.34,-0.056,0.0588,-0.0043,-0.0057,-0.0529,-0.3419,-0.056233,-0.218824,0.148787,116,13,4,6,0.67,0.5,9.0,4.0,True,True,True,True,False,False,True,False,True,True,True,False,True,True,True,True
Alpha040,NVDA,False,train_ic,False,,,0.95,21.0,-0.0172,-0.0108,-0.006,-0.93,-0.1102,0.2473,0.0311,0.0393,0.2114,-2.012,-0.304008,-0.353394,0.148331,136,15,4,6,0.67,0.5,5.0,3.0,True,True,False,False,False,False,True,False,True,True,True,False,True,True,True,True
Alpha040,QQQ,False,train_ic,False,,,0.95,21.0,0.0122,-0.0043,-0.025,-0.3,0.0583,0.1259,-0.0554,-0.0646,-0.5445,-2.1595,-0.237098,-0.237659,0.149425,136,15,4,6,0.67,0.5,3.0,2.0,True,True,False,False,False,False,True,False,True,True,True,False,True,True,True,True
Alpha040,SPY,False,train_ic,False,,,0.95,21.0,0.014,0.01,0.125,-0.12,-0.0354,-0.1346,0.0259,0.0277,0.2991,-0.134,-0.016474,-0.070736,0.162014,148,15,1,6,0.17,0.5,3.0,2.0,True,True,False,False,False,False,False,False,True,True,False,False,True,True,True,True
Alpha040,XAUUSD,False,train_ic,False,,,0.99,76.0,0.0038,0.0059,0.015,-3.66,-0.0112,-0.32380000000000003,0.0137,0.0101,0.1266,-2.346,-0.306372,-0.369805,0.155332,486,52,0,6,0.0,0.75,6.0,2.5,True,True,False,False,False,False,False,False,True,True,False,True,True,True,True,True
Alpha041,000688.SH,False,train_performance,False,,,1.0,17.0,-0.0393,-0.0296,-0.302,-2.48,0.0029,-0.1634,-0.0636,-0.051,-0.6699,-2.1143,-0.21349,-0.228418,0.443678,290,11,1,6,0.17,0.75,8.0,3.0,True,True,True,True,True,False,False,False,True,True,False,True,True,True,True,True
Alpha041,AG,False,train_performance,False,,,1.0,43.0,-0.0553,-0.0505,-0.358,-3.53,-0.0473,-0.3249,-0.0192,-0.0173,-0.2112,-4.1072,-0.500362,-0.520293,0.417625,708,29,0,6,0.0,1.0,8.0,4.0,True,True,True,True,True,False,False,False,False,True,False,True,True,True,True,True
Alpha041,AU,False,train_performance,False,,,1.0,43.0,-0.1093,-0.1173,-0.954,-1.58,-0.1372,-0.0928,-0.1271,-0.118,-1.259,-1.2134,-0.134566,-0.186692,0.395225,670,29,1,6,0.17,1.0,6.0,3.0,True,True,True,True,True,False,False,False,True,True,False,True,True,True,True,True
Alpha041,EURUSD,True,,False,27,0.9318,1.0,78.0,-0.3475,-0.3729,-5.328,18.67,-0.3672,1.7616,-0.3611,-0.3698,-4.1021,18.8339,6.204946,-0.005514,0.323436,1013,52,6,6,1.0,1.0,1.5,0.5,True,True,True,True,True,True,True,True,True,True,True,True,True,True,True,True
Alpha041,HSTECH,False,train_ic,False,,,1.0,20.0,-0.0133,-0.0111,-0.039,-3.34,-0.024,-0.2352,-0.0331,-0.0232,-0.2426,-3.7878,-0.429365,-0.450707,0.420817,330,13,0,6,0.0,0.5,9.0,4.0,True,True,False,False,False,False,False,False,True,True,False,False,True,True,True,True
Alpha041,NVDA,False,train_icir,False,,,1.0,23.0,-0.0335,-0.0319,-0.276,-0.69,-0.0269,-0.0339,0.025,0.0177,0.5168,-2.7678,-0.343879,-0.359746,0.390257,356,15,3,6,0.5,1.0,5.0,3.0,True,True,True,True,False,False,False,False,True,True,False,True,True,True,True,True
Alpha041,QQQ,False,train_icir,False,,,1.0,23.0,-0.0401,-0.042,-0.269,0.77,-0.0095,-0.0793,-0.0399,-0.0513,-0.3439,-0.5424,-0.061874,-0.123409,0.402846,368,15,3,6,0.5,0.75,3.0,2.0,True,True,True,True,False,True,False,False,True,True,False,True,True,True,True,True
Alpha041,SPY,False,train_performance,False,,,1.0,23.0,-0.0405,-0.0332,-0.386,0.15,-0.0681,0.037200000000000004,-0.0675,-0.0618,-0.5703,-0.0775,-0.01255,-0.120486,0.423098,386,15,4,6,0.67,0.75,3.0,2.0,True,True,True,True,True,False,True,False,True,True,True,True,True,True,True,True
Alpha041,XAUUSD,False,train_performance,False,,,1.0,78.0,-0.0951,-0.1007,-1.032,-1.98,-0.1288,-0.0929,-0.0899,-0.0863,-0.8793,-2.4681,-0.325634,-0.333347,0.4106,1286,52,2,6,0.33,1.0,6.0,2.5,True,True,True,True,True,False,False,False,True,True,False,True,True,True,True,True
Alpha042,000688.SH,False,train_ic,False,,,0.94,14.0,0.001,-0.0318,0.426,-3.06,-0.001,-0.0712,0.0038,-0.0298,0.3322,-1.0514,-0.063838,-0.088879,0.11954,78,11,2,6,0.33,0.75,8.0,3.0,True,True,False,True,True,False,False,False,True,True,False,True,True,True,True,True
Alpha042,AG,False,train_icir,False,,,0.98,40.0,-0.0232,-0.0362,0.142,-2.43,-0.0458,-0.10640000000000001,0.0029,0.0044,0.378,-3.8115,-0.390353,-0.395069,0.195697,332,29,1,6,0.17,0.5,8.0,4.0,True,True,True,True,False,False,False,False,True,True,False,False,True,True,True,True
Alpha042,AU,False,train_performance,False,,,0.98,40.0,-0.0272,-0.0918,-0.588,-1.47,0.026,-0.0433,-0.0255,-0.0688,-0.1942,-0.6328,-0.054927,-0.084393,0.148541,252,29,1,6,0.17,0.75,6.0,3.0,True,True,True,True,True,False,False,False,True,True,False,True,True,True,True,True
Alpha042,EURUSD,True,,False,61,0.6767,0.99,76.0,-0.0215,-0.3374,-2.228,13.03,-0.2451,1.3405,-0.0296,-0.3207,-1.9768,12.1181,2.883083,-0.009415,0.224777,704,52,6,6,1.0,0.75,1.5,0.5,True,True,True,True,True,True,True,True,True,True,True,True,True,True,True,True
Alpha042,HSTECH,False,train_rank_ic,False,,,0.95,18.0,0.0441,0.0068,0.646,-0.8,-0.0016,-0.18539999999999998,-0.0474,-0.023,0.5227,-1.5745,-0.156374,-0.166815,0.146871,115,13,1,6,0.17,1.0,9.0,4.0,True,True,True,False,True,False,False,False,True,True,False,True,True,True,True,True
Alpha042,NVDA,False,train_rank_ic,False,,,0.95,21.0,-0.0395,-0.0076,0.176,-0.07,0.024,-0.0472,-0.0086,0.004,0.626,-1.8105,-0.203775,-0.226718,0.166393,152,15,2,6,0.33,1.0,5.0,3.0,True,True,True,False,False,False,False,False,True,True,False,True,True,True,True,True
Alpha042,QQQ,False,train_ic,False,,,0.95,21.0,-0.0061,-0.018,0.397,0.88,0.0223,-0.0999,-0.0288,-0.0044,0.18,-0.4084,-0.030015,-0.074288,0.111111,102,15,2,6,0.33,0.5,3.0,2.0,True,True,False,False,True,True,False,False,True,True,False,False,True,True,True,True
Alpha042,SPY,False,train_performance,False,,,0.95,21.0,-0.0253,-0.0375,0.393,-0.56,-0.0149,-0.0556,-0.0285,-0.0254,0.1047,0.4854,0.036054,-0.073946,0.143952,132,15,2,6,0.33,0.75,3.0,2.0,True,True,True,True,True,False,False,False,True,True,False,True,True,True,True,True
Alpha042,XAUUSD,False,train_ic,False,,,0.99,76.0,-0.0184,-0.0713,-0.198,-2.42,-0.0182,-0.1432,-0.0078,-0.0566,-0.1164,-1.8702,-0.233642,-0.234813,0.212803,666,52,2,6,0.33,0.5,6.0,2.5,True,True,False,True,False,False,False,False,True,True,False,False,True,True,True,True
Alpha043,000688.SH,False,train_performance,False,,,0.99,16.0,-0.0406,-0.0308,-0.386,-2.08,0.018,-0.10550000000000001,-0.0232,-0.0068,-0.2934,-1.9343,-0.219562,-0.27485,0.284291,186,11,2,6,0.33,0.75,8.0,3.0,True,True,True,True,True,False,False,False,True,True,False,True,True,True,True,True
Alpha043,AG,False,train_performance,False,,,1.0,42.0,-0.0377,-0.0303,-0.363,-2.89,-0.0189,-0.17329999999999998,-0.0365,-0.0247,-0.2876,-3.1284,-0.397258,-0.397258,0.249926,424,29,1,6,0.17,1.0,8.0,4.0,True,True,True,True,True,False,False,False,True,True,False,True,True,True,True,True
Alpha043,AU,False,train_performance,False,,,1.0,42.0,-0.0633,-0.0668,-0.643,-3.41,-0.0956,-0.0789,-0.0794,-0.0897,-0.679,-2.6635,-0.222702,-0.222702,0.24639,418,29,2,6,0.33,1.0,6.0,3.0,True,True,True,True,True,False,False,False,True,True,False,True,True,True,True,True
Alpha043,EURUSD,True,,False,17,0.9524,1.0,78.0,-0.2579,-0.2555,-2.67,8.27,-0.2699,0.3746,-0.2345,-0.2418,-3.2328,8.3314,1.035161,-0.0116,0.232599,728,52,6,6,1.0,1.0,1.5,0.5,True,True,True,True,True,True,True,True,True,True,True,True,True,True,True,True
Alpha043,HSTECH,False,train_performance,False,,,0.99,19.0,-0.0329,-0.0279,-0.425,-2.34,-0.0002,-0.1025,0.0138,0.0289,0.2755,-2.9781,-0.354384,-0.368834,0.277139,217,13,2,6,0.33,0.75,9.0,4.0,True,True,True,True,True,False,False,False,True,True,False,True,True,True,True,True
Alpha043,NVDA,False,train_performance,False,,,0.99,23.0,-0.0442,-0.0336,-0.516,-0.99,-0.0233,0.018000000000000002,0.0187,0.0138,0.2851,-1.9003,-0.259015,-0.319185,0.28462,260,15,3,6,0.5,1.0,5.0,3.0,True,True,True,True,True,False,True,False,True,True,False,True,True,True,True,True
Alpha043,QQQ,False,oos_performance,False,,,0.99,23.0,-0.0577,-0.0577,-0.555,0.52,-0.1051,0.038,-0.042,-0.0619,-0.439,-0.0334,-0.010387,-0.144776,0.283525,259,15,3,6,0.5,1.0,3.0,2.0,True,True,True,True,True,True,True,False,True,True,False,True,True,True,True,True
Alpha043,SPY,False,walk_forward,False,,,0.99,23.0,-0.071,-0.0669,-0.663,0.8,-0.1209,0.14400000000000002,-0.0538,-0.0663,-0.6528,1.3527,0.140355,-0.080964,0.28462,260,15,3,6,0.5,1.0,3.0,2.0,True,True,True,True,True,True,True,True,True,True,False,True,True,True,True,True
Alpha043,XAUUSD,False,train_performance,False,,,1.0,78.0,-0.0881,-0.0929,-0.893,-2.37,-0.1331,0.0014000000000000002,-0.0742,-0.0642,-0.8882,-1.7832,-0.237801,-0.247219,0.256226,802,52,4,6,0.67,1.0,6.0,2.5,True,True,True,True,True,False,True,False,True,True,True,True,True,True,True,True
Alpha044,000688.SH,False,train_ic,False,,,0.94,14.0,0.0116,0.0129,0.083,-1.36,-0.0089,-0.14679999999999999,-0.0035,0.0006,-0.0873,-2.1657,-0.256936,-0.307928,0.298851,195,11,2,6,0.33,1.0,8.0,3.0,True,True,False,False,False,False,False,False,True,True,False,True,True,True,True,True
Alpha044,AG,False,train_ic,False,,,0.98,40.0,0.0121,0.0079,0.115,-3.96,-0.0245,-0.4255,-0.0098,-0.0113,-0.1398,-4.3532,-0.557225,-0.562775,0.29944,508,29,1,6,0.17,0.75,8.0,4.0,True,True,False,False,False,False,False,False,False,True,False,True,True,True,True,True
Alpha044,AU,False,train_ic,False,,,0.98,40.0,-0.0052,-0.0034,-0.049,-5.27,0.014,-0.2836,0.0013,-0.0029,0.1273,-5.1651,-0.43794,-0.444765,0.316829,538,29,0,6,0.0,0.5,6.0,3.0,True,True,False,False,False,False,False,False,True,True,False,False,True,True,True,True
Alpha044,EURUSD,False,train_ic,False,,,0.99,76.0,-0.0026,-0.0041,-0.006,-3.6,0.0207,-0.1938,0.0064,0.009,0.0383,-2.7442,-0.237211,-0.246281,0.349777,1096,52,0,6,0.0,0.5,1.5,0.5,True,True,False,False,False,False,False,False,True,True,False,False,True,True,True,True
Alpha044,HSTECH,False,train_ic,False,,,0.95,18.0,-0.0118,-0.0145,-0.073,-3.04,-0.0097,-0.19329999999999997,0.0024,0.0022,0.0108,-2.4777,-0.37197,-0.401039,0.303959,238,13,3,6,0.5,0.75,9.0,4.0,True,True,False,False,False,False,False,False,True,True,False,True,True,True,True,True
Alpha044,NVDA,False,train_ic,False,,,0.95,21.0,-0.016,-0.0137,-0.071,-0.18,-0.0589,-0.0113,0.0061,0.0066,-0.0642,-1.2851,-0.224559,-0.261697,0.295019,270,15,2,6,0.33,0.5,5.0,3.0,True,True,False,False,False,False,False,False,True,True,False,False,True,True,True,True
Alpha044,QQQ,False,train_performance,False,,,0.95,21.0,0.0361,0.0299,0.333,-1.09,0.0355,0.030600000000000002,-0.0156,-0.0184,-0.1376,-1.9519,-0.22133,-0.226986,0.320744,293,15,2,6,0.33,0.75,3.0,2.0,True,True,True,True,True,False,True,False,True,True,False,True,True,True,True,True
Alpha044,SPY,False,train_ic,False,,,0.95,21.0,0.0102,0.0099,0.066,-0.48,0.0191,-0.042699999999999995,0.0418,0.0384,0.6134,-0.0586,-0.010518,-0.063809,0.293924,268,15,3,6,0.5,0.75,3.0,2.0,True,True,False,False,False,False,False,False,True,True,False,True,True,True,True,True
Alpha044,XAUUSD,False,train_ic,False,,,0.99,76.0,0.008,0.0075,0.076,-6.84,0.0096,-0.3858,-0.0131,-0.0146,-0.1852,-7.9396,-0.714854,-0.715575,0.304119,952,52,0,6,0.0,0.5,6.0,2.5,True,True,False,False,False,False,False,False,False,True,False,False,True,True,True,True
Alpha045,000688.SH,False,train_ic,False,,,0.94,14.0,-0.0138,-0.0313,-0.099,-2.9,0.0212,-0.10869999999999999,0.0198,0.0284,0.2085,-2.9232,-0.238481,-0.257976,0.229885,150,11,0,6,0.0,0.5,8.0,3.0,True,True,False,True,False,False,False,False,True,True,False,False,True,True,True,True
Alpha045,AG,False,train_icir,False,,,0.98,40.0,-0.0212,-0.0221,-0.127,-5.22,-0.0,-0.3704,-0.0021,0.001,-0.1777,-5.7473,-0.521291,-0.528492,0.294724,500,29,0,6,0.0,0.75,8.0,4.0,True,True,True,True,False,False,False,False,False,True,False,True,True,True,True,True
Alpha045,AU,False,train_ic,False,,,0.97,40.0,0.0007,0.0007,0.016,-3.02,0.0116,-0.0139,0.0016,-0.0029,-0.0661,-4.6876,-0.352847,-0.352847,0.21397,363,28,0,6,0.0,0.75,6.0,3.0,True,True,False,False,False,False,False,False,True,True,False,True,True,True,True,True
Alpha045,EURUSD,False,train_rank_ic,False,,,0.98,75.0,-0.0223,-0.0193,-0.253,-2.44,-0.0144,-0.0034000000000000002,-0.0025,-0.004,-0.0583,-1.1838,-0.106797,-0.167346,0.099777,312,52,2,6,0.33,1.0,1.5,0.5,True,True,True,False,False,False,False,False,True,True,False,True,True,True,True,True
Alpha045,HSTECH,False,train_performance,False,,,0.95,18.0,-0.0349,-0.0205,-0.564,-2.18,0.0185,-0.1861,0.0104,-0.0011,-0.0507,-4.0051,-0.400487,-0.400487,0.297573,233,13,1,6,0.17,0.5,9.0,4.0,True,True,True,True,True,False,False,False,True,True,False,False,True,True,True,True
Alpha045,NVDA,False,train_ic,False,,,0.95,21.0,0.0017,-0.0068,0.103,-0.92,0.0032,-0.09789999999999999,0.0313,0.0262,0.4567,-1.2557,-0.147949,-0.177756,0.279693,256,15,1,6,0.17,0.5,5.0,3.0,True,True,False,False,False,False,False,False,True,True,False,False,True,True,True,True
Alpha045,QQQ,False,train_ic,False,,,0.95,21.0,-0.0003,-0.0068,-0.05,-1.3,0.0031,-0.0297,-0.0153,-0.0213,-0.3478,-2.2811,-0.181559,-0.197659,0.268199,245,15,1,6,0.17,0.5,3.0,2.0,True,True,False,False,False,False,False,False,True,True,False,False,True,True,True,True
Alpha045,SPY,False,train_ic,False,,,0.95,21.0,-0.0061,0.0013,-0.306,1.16,0.0167,-0.1139,-0.0152,-0.0231,-0.125,-1.154,-0.104079,-0.131955,0.261631,239,15,1,6,0.17,0.75,3.0,2.0,True,True,False,False,True,True,False,False,True,True,False,True,True,True,True,True
Alpha045,XAUUSD,False,train_ic,False,,,0.99,76.0,-0.0036,-0.0046,-0.018,-6.51,0.0073,-0.45799999999999996,-0.0329,-0.0286,-0.3021,-9.5312,-0.67842,-0.682408,0.323276,1012,52,1,6,0.17,0.75,6.0,2.5,True,True,False,False,False,False,False,False,False,True,False,True,True,True,True,True
Alpha046,000688.SH,False,train_performance,True,,,0.99,16.0,-0.0391,-0.0242,-0.33,-0.18,-0.0078,0.0038,-0.1078,-0.0984,-1.0968,0.2844,0.016609,-0.061152,0.055172,36,11,2,6,0.33,0.75,8.0,3.0,True,True,True,True,True,False,False,False,True,True,False,True,True,True,True,True
Alpha046,AG,False,train_ic,True,,,1.0,42.0,-0.0173,-0.046,-0.313,0.98,-0.04,-0.0177,-0.0138,-0.0606,-0.4467,-0.2147,-0.029888,-0.15078,0.054819,93,29,5,6,0.83,1.0,8.0,4.0,True,True,False,True,True,True,False,False,True,True,True,True,True,True,True,True
Alpha046,AU,True,,True,62,0.6726,1.0,42.0,-0.168,-0.166,-1.415,4.47,-0.166,0.2858,-0.1638,-0.1674,-1.5034,2.7427,0.320849,-0.035394,0.079576,135,29,6,6,1.0,1.0,6.0,3.0,True,True,True,True,True,True,True,True,True,True,True,True,True,True,True,True
Alpha046,EURUSD,True,,True,13,0.9604,1.0,78.0,-0.371,-0.365,-4.914,15.68,-0.3495,1.8355000000000001,-0.3661,-0.3606,-3.9619,17.8042,8.251676,-0.007883,0.116379,364,52,6,6,1.0,1.0,1.5,0.5,True,True,True,True,True,True,True,True,True,True,True,True,True,True,True,True
Alpha046,HSTECH,False,train_ic,True,,,1.0,20.0,-0.0071,-0.0181,-0.189,-0.23,0.0099,-0.0318,-0.03,-0.0478,-0.6394,0.1964,0.012967,-0.057963,0.051086,40,13,0,6,0.0,0.5,9.0,4.0,True,True,False,False,False,False,False,False,True,True,False,False,True,True,True,True
Alpha046,NVDA,False,oos_performance,True,,,1.0,23.0,-0.0482,-0.0492,-0.394,1.51,-0.037,0.34409999999999996,0.022,0.0154,0.2011,-0.7652,-0.112513,-0.14245,0.120963,110,15,5,6,0.83,0.75,5.0,3.0,True,True,True,True,True,True,True,False,True,True,True,True,True,True,True,True
Alpha046,QQQ,True,,True,106,0.4342,1.0,23.0,-0.0347,-0.0443,-0.357,1.38,-0.0578,0.09970000000000001,-0.072,-0.0733,-0.713,1.5749,0.196569,-0.073183,0.151615,138,15,6,6,1.0,1.0,3.0,2.0,True,True,True,True,True,True,True,True,True,True,True,True,True,True,True,True
Alpha046,SPY,True,,True,95,0.4859,1.0,23.0,-0.0628,-0.0656,-0.565,2.28,-0.0528,0.1418,-0.0978,-0.1025,-0.8797,2.8724,0.303507,-0.034594,0.120416,110,15,5,6,0.83,1.0,3.0,2.0,True,True,True,True,True,True,True,True,True,True,True,True,True,True,True,True
Alpha046,XAUUSD,False,train_performance,True,,,1.0,78.0,-0.085,-0.1262,-0.901,0.35,-0.1194,0.1273,-0.064,-0.1312,-1.0693,1.3218,0.174226,-0.10041,0.046137,144,52,4,6,0.67,1.0,6.0,2.5,True,True,True,True,True,False,True,True,True,True,True,True,True,True,True,True
Alpha047,000688.SH,False,train_icir,True,,,0.94,14.0,-0.0358,-0.0313,-0.134,-0.42,-0.075,0.08839999999999999,-0.112,-0.099,-0.7278,1.6122,0.258446,-0.137675,0.166284,108,11,2,6,0.33,0.75,8.0,3.0,True,True,True,True,False,False,True,True,True,True,False,True,True,True,True,True
Alpha047,AG,True,,True,133,0.2923,0.98,40.0,-0.0669,-0.0688,-0.579,0.83,-0.0802,0.18230000000000002,-0.0616,-0.0583,-0.2857,0.6431,0.127053,-0.177133,0.169761,288,29,4,6,0.67,1.0,8.0,4.0,True,True,True,True,True,True,True,True,True,True,True,True,True,True,True,True
Alpha047,AU,True,,True,48,0.8521,0.98,40.0,-0.1627,-0.1636,-1.414,3.6,-0.1816,0.3969,-0.176,-0.1685,-2.2586,4.8593,0.88794,-0.032237,0.13911,236,29,5,6,0.83,1.0,6.0,3.0,True,True,True,True,True,True,True,True,True,True,True,True,True,True,True,True
Alpha047,EURUSD,True,,True,4,0.9787,0.99,76.0,-0.3766,-0.3796,-6.072,17.16,-0.3972,1.8709,-0.3926,-0.3909,-5.3713,20.0948,6.746422,-0.004873,0.116699,366,52,6,6,1.0,1.0,1.5,0.5,True,True,True,True,True,True,True,True,True,True,True,True,True,True,True,True
Alpha047,HSTECH,False,train_ic,True,,,0.95,18.0,-0.02,-0.0204,-0.07,-1.38,-0.0204,-0.09849999999999999,-0.0091,-0.0062,0.2658,-1.1783,-0.218869,-0.310851,0.181354,142,13,2,6,0.33,0.75,9.0,4.0,True,True,False,True,False,False,False,False,True,True,False,True,True,True,True,True
Alpha047,NVDA,False,train_icir,True,,,0.95,21.0,-0.0426,-0.0397,-0.153,0.59,-0.0865,0.3329,-0.0098,-0.0095,0.0999,-0.2142,-0.067068,-0.255338,0.181719,166,15,5,6,0.83,0.5,5.0,3.0,True,True,True,True,False,True,True,False,True,True,True,False,True,True,True,True
Alpha047,QQQ,True,,True,117,0.3574,0.95,21.0,-0.0745,-0.0798,-0.768,2.56,-0.0743,0.17980000000000002,-0.0643,-0.0703,-0.6732,1.2525,0.190791,-0.101635,0.174603,160,15,5,6,0.83,0.75,3.0,2.0,True,True,True,True,True,True,True,True,True,True,True,True,True,True,True,True
Alpha047,SPY,True,,True,113,0.4034,0.95,21.0,-0.1124,-0.1099,-0.964,2.66,-0.0818,0.1623,-0.093,-0.0915,-0.7278,2.5888,0.381375,-0.065218,0.169677,155,15,5,6,0.83,1.0,3.0,2.0,True,True,True,True,True,True,True,True,True,True,True,True,True,True,True,True
Alpha047,XAUUSD,True,,True,59,0.7142,0.99,76.0,-0.1409,-0.1437,-1.344,4.78,-0.1768,0.9543,-0.1346,-0.1296,-1.2188,4.6909,1.555518,-0.055237,0.153097,480,52,6,6,1.0,1.0,6.0,2.5,True,True,True,True,True,True,True,True,True,True,True,True,True,True,True,True
Alpha048,000688.SH,False,train_ic,False,,,0.94,14.0,-0.0048,-0.0016,-0.164,-3.28,-0.0229,-0.11689999999999999,0.031,0.0073,-0.0794,-3.636,-0.288308,-0.315406,0.344061,224,11,2,6,0.33,0.75,8.0,3.0,True,True,False,False,False,False,False,False,True,True,False,True,True,True,True,True
Alpha048,AG,False,train_rank_ic,False,,,0.98,40.0,0.0256,0.0149,0.057,-3.61,0.0411,-0.11800000000000001,0.0088,0.0163,-0.0915,-4.8812,-0.510944,-0.51499,0.32567,552,29,0,6,0.0,1.0,8.0,4.0,True,True,True,False,False,False,False,False,False,True,False,True,True,True,True,True
Alpha048,AU,False,train_performance,False,,,0.98,40.0,0.0908,0.1003,0.535,-1.24,0.1274,-0.0388,0.1112,0.111,0.9029,-0.7873,-0.078912,-0.152266,0.316829,538,29,0,6,0.0,1.0,6.0,3.0,True,True,True,True,True,False,False,False,True,True,False,True,True,True,True,True
Alpha048,EURUSD,True,,False,24,0.9329,0.99,76.0,0.3691,0.3805,4.713,17.76,0.3675,1.7259,0.3676,0.3725,4.0241,18.1733,5.761374,-0.005507,0.31258,979,52,6,6,1.0,1.0,1.5,0.5,True,True,True,True,True,True,True,True,True,True,True,True,True,True,True,True
Alpha048,HSTECH,False,train_performance,False,,,0.95,18.0,-0.0222,-0.0401,-0.562,-1.08,-0.0555,-0.1691,-0.0294,-0.0188,-0.8743,-1.9903,-0.21197,-0.24635,0.274585,215,13,3,6,0.5,1.0,9.0,4.0,True,True,True,True,True,False,False,False,True,True,False,True,True,True,True,True
Alpha048,NVDA,False,train_ic,False,,,0.95,21.0,0.0026,-0.0035,-0.273,-1.4,0.006,-0.0317,-0.0138,-0.0176,-0.3675,-2.9948,-0.330647,-0.35413,0.331691,303,15,3,6,0.5,0.25,5.0,3.0,True,True,False,False,False,False,False,False,True,True,False,False,True,True,True,True
Alpha048,QQQ,False,train_icir,False,,,0.95,21.0,0.022,0.0309,0.027,-1.13,0.002,-0.0336,0.0253,0.0189,-0.187,-1.1804,-0.103227,-0.144575,0.290093,265,15,2,6,0.33,0.5,3.0,2.0,True,True,True,True,False,False,False,False,True,True,False,False,True,True,True,True
Alpha048,SPY,False,train_ic,False,,,0.95,21.0,0.0099,0.0176,-0.225,0.13,0.0482,-0.024900000000000002,0.055,0.0643,0.2208,-0.5758,-0.054033,-0.154312,0.268747,246,15,3,6,0.5,0.5,3.0,2.0,True,True,False,False,False,False,False,False,True,True,False,False,True,True,True,True
Alpha048,XAUUSD,False,train_performance,False,,,0.99,76.0,0.0804,0.0832,0.581,-3.09,0.1196,0.0078000000000000005,0.0744,0.0719,0.582,-1.913,-0.23772,-0.242672,0.300447,941,52,0,6,0.0,1.0,6.0,2.5,True,True,True,True,True,False,True,False,True,True,False,True,True,True,True,True
Alpha049,000688.SH,False,train_performance,False,,,0.99,16.0,-0.0501,-0.0443,-0.419,-1.06,0.0075,-0.098,-0.0375,-0.0168,-0.4456,-0.9252,-0.100081,-0.116511,0.28659,187,11,2,6,0.33,0.75,8.0,3.0,True,True,True,True,True,False,False,False,True,True,False,True,True,True,True,True
Alpha049,AG,False,train_performance,False,,,1.0,42.0,-0.0425,-0.0379,-0.47,-3.63,-0.0434,-0.2522,-0.0104,-0.0192,-0.1246,-5.0822,-0.478125,-0.482929,0.29384,498,29,0,6,0.0,1.0,8.0,4.0,True,True,True,True,True,False,False,False,True,True,False,True,True,True,True,True
Alpha049,AU,False,oos_performance,False,,,1.0,42.0,-0.1433,-0.1598,-1.385,1.21,-0.1139,0.0098,-0.1126,-0.1118,-1.4251,-0.7233,-0.07723,-0.129179,0.272325,462,29,2,6,0.33,1.0,6.0,3.0,True,True,True,True,True,True,True,False,True,True,False,True,True,True,True,True
Alpha049,EURUSD,True,,False,25,0.9319,1.0,78.0,-0.3479,-0.3729,-4.429,18.5,-0.3672,1.7631999999999999,-0.3612,-0.3697,-4.0997,18.8959,6.255251,-0.005514,0.323116,1012,52,6,6,1.0,1.0,1.5,0.5,True,True,True,True,True,True,True,True,True,True,True,True,True,True,True,True
Alpha049,HSTECH,False,train_ic,False,,,1.0,20.0,-0.0045,0.0037,0.007,-2.98,-0.0196,-0.1427,-0.0027,-0.0019,0.1295,-3.43,-0.347027,-0.347027,0.291188,228,13,2,6,0.33,0.5,9.0,4.0,True,True,False,False,False,False,False,False,True,True,False,False,True,True,True,True
Alpha049,NVDA,False,train_performance,False,,,1.0,23.0,-0.0533,-0.0488,-0.513,0.48,0.0008,0.0217,0.033,0.017,0.4128,-2.6749,-0.335302,-0.341129,0.289546,264,15,4,6,0.67,1.0,5.0,3.0,True,True,True,True,True,False,False,False,True,True,True,True,True,True,True,True
Alpha049,QQQ,False,train_performance,False,,,1.0,23.0,-0.0377,-0.0428,-0.448,0.19,-0.0442,0.0176,-0.065,-0.0794,-0.678,1.2766,0.142244,-0.06094,0.267652,244,15,4,6,0.67,1.0,3.0,2.0,True,True,True,True,True,False,True,True,True,True,True,True,True,True,True,True
Alpha049,SPY,False,train_performance,False,,,1.0,23.0,-0.0316,-0.0378,-0.312,0.44,-0.084,0.1294,-0.061,-0.0545,-0.5628,0.0016,-0.003989,-0.065352,0.28462,260,15,3,6,0.5,1.0,3.0,2.0,True,True,True,True,True,False,True,False,True,True,False,True,True,True,True,True
Alpha049,XAUUSD,False,train_performance,False,,,1.0,78.0,-0.0546,-0.0596,-0.613,-3.09,-0.0713,-0.1173,-0.0663,-0.0628,-0.6423,-2.4877,-0.331141,-0.333768,0.280013,877,52,0,6,0.0,1.0,6.0,2.5,True,True,True,True,True,False,False,False,True,True,False,True,True,True,True,True
Alpha050,000688.SH,False,train_ic,False,,,0.88,13.0,0.0168,0.0317,0.19,0.9,0.0397,-0.0332,-0.0466,-0.0346,-0.4224,-2.8096,-0.338951,-0.360592,0.078927,52,11,2,6,0.33,0.25,8.0,3.0,True,True,False,True,False,True,False,False,True,True,False,False,True,True,True,True
Alpha050,AG,False,train_ic,False,,,0.95,39.0,-0.0066,0.004,-0.121,-2.27,-0.0414,0.306,-0.0291,-0.0186,-0.324,-0.3242,-0.0634,-0.161379,0.095491,162,28,1,6,0.17,0.5,8.0,4.0,True,True,False,False,False,False,True,False,True,True,False,False,True,True,True,True
Alpha050,AU,False,train_ic,False,,,0.96,39.0,-0.0118,-0.0119,-0.115,-2.31,0.01,-0.1371,-0.0078,-0.0251,-0.0533,-1.6364,-0.156017,-0.156017,0.098733,168,28,2,6,0.33,0.75,6.0,3.0,True,True,False,False,False,False,False,False,True,True,False,True,True,True,True,True
Alpha050,EURUSD,False,train_ic,False,,,0.98,75.0,0.0073,0.0017,0.042,-1.42,0.0507,0.0753,0.0268,0.0264,0.1854,0.0727,0.002232,-0.074266,0.117337,368,52,2,6,0.33,0.5,1.5,0.5,True,True,False,False,False,False,True,False,True,True,False,False,True,True,True,True
Alpha050,HSTECH,False,train_performance,False,,,0.91,16.0,0.0241,0.0294,0.302,-0.27,-0.0696,-0.259,0.0229,0.0132,0.4453,-0.8397,-0.102982,-0.18478,0.092593,72,13,1,6,0.17,1.0,9.0,4.0,True,True,True,True,True,False,False,False,True,True,False,True,True,True,True,True
Alpha050,NVDA,False,train_ic,False,,,0.92,20.0,-0.005,-0.004,0.038,-0.23,0.0041,0.0509,0.0183,0.0295,0.1546,-0.3444,-0.089804,-0.269947,0.068966,63,15,3,6,0.5,0.25,5.0,3.0,True,True,False,False,False,False,False,False,True,True,False,False,True,True,True,True
Alpha050,QQQ,False,train_ic,False,,,0.93,20.0,-0.0016,0.006,-0.007,-0.42,0.0231,-0.1295,-0.0387,-0.0355,-0.4667,0.1052,0.005707,-0.101357,0.117132,107,15,3,6,0.5,0.5,3.0,2.0,True,True,False,False,False,False,False,False,True,True,False,False,True,True,True,True
Alpha050,SPY,False,train_ic,False,,,0.93,20.0,0.0144,0.0105,0.143,-0.79,0.0121,-0.0553,0.0253,0.0313,0.2132,-0.1329,-0.017726,-0.132454,0.124247,114,15,2,6,0.33,0.75,3.0,2.0,True,True,False,False,False,False,False,False,True,True,False,True,True,True,True,True
Alpha050,XAUUSD,False,train_ic,False,,,0.98,75.0,0.0152,0.0188,0.111,-2.6,0.0129,-0.1558,-0.0036,-0.0072,-0.0685,-3.4994,-0.453898,-0.465265,0.120849,378,52,2,6,0.33,0.75,6.0,2.5,True,True,False,False,False,False,False,False,True,True,False,True,True,True,True,True
Alpha051,000688.SH,False,train_performance,False,,,0.99,16.0,-0.0454,-0.0405,-0.395,-1.44,0.0119,-0.1027,-0.0375,-0.018,-0.4404,-0.9042,-0.101824,-0.127991,0.277395,181,11,2,6,0.33,0.75,8.0,3.0,True,True,True,True,True,False,False,False,True,True,False,True,True,True,True,True
Alpha051,AG,False,train_performance,False,,,1.0,42.0,-0.0433,-0.0391,-0.478,-3.57,-0.0435,-0.2522,-0.0104,-0.0191,-0.1237,-5.0594,-0.476784,-0.4816,0.293251,498,29,0,6,0.0,1.0,8.0,4.0,True,True,True,True,True,False,False,False,True,True,False,True,True,True,True,True
Alpha051,AU,False,oos_performance,False,,,1.0,42.0,-0.1333,-0.1513,-1.251,0.74,-0.1071,0.0226,-0.1109,-0.1093,-1.3714,-0.6034,-0.064799,-0.120347,0.268199,455,29,2,6,0.33,1.0,6.0,3.0,True,True,True,True,True,True,True,False,True,True,False,True,True,True,True,True
Alpha051,EURUSD,True,,False,26,0.9319,1.0,78.0,-0.3479,-0.3729,-4.429,18.5,-0.3672,1.7631999999999999,-0.3612,-0.3697,-4.0997,18.8959,6.255251,-0.005514,0.323116,1012,52,6,6,1.0,1.0,1.5,0.5,True,True,True,True,True,True,True,True,True,True,True,True,True,True,True,True
Alpha051,HSTECH,False,train_ic,False,,,1.0,20.0,-0.007,0.0017,-0.015,-3.0,-0.0182,-0.1427,-0.0025,-0.002,0.1311,-3.43,-0.347027,-0.347027,0.291188,228,13,2,6,0.33,0.5,9.0,4.0,True,True,False,False,False,False,False,False,True,True,False,False,True,True,True,True
Alpha051,NVDA,False,validation_performance,False,,,1.0,23.0,-0.0554,-0.0531,-0.511,0.99,0.0055,-0.0275,0.0335,0.0123,0.4122,-2.4317,-0.308824,-0.314884,0.285167,260,15,4,6,0.67,1.0,5.0,3.0,True,True,True,True,True,True,False,False,True,True,True,True,True,True,True,True
Alpha051,QQQ,False,train_performance,False,,,1.0,23.0,-0.0358,-0.0432,-0.381,0.02,-0.0287,-0.032,-0.058,-0.0691,-0.5982,0.8453,0.087938,-0.08459,0.256705,234,15,4,6,0.67,0.75,3.0,2.0,True,True,True,True,True,False,False,True,True,True,True,True,True,True,True,True
Alpha051,SPY,False,oos_performance,False,,,1.0,23.0,-0.0328,-0.0404,-0.33,0.77,-0.0831,0.1409,-0.0656,-0.0569,-0.5432,0.2681,0.020916,-0.062002,0.279146,255,15,3,6,0.5,1.0,3.0,2.0,True,True,True,True,True,True,True,False,True,True,False,True,True,True,True,True
Alpha051,XAUUSD,False,train_performance,False,,,1.0,78.0,-0.0548,-0.0601,-0.601,-2.87,-0.071,-0.11710000000000001,-0.0673,-0.0637,-0.6509,-2.3771,-0.319612,-0.322283,0.279374,875,52,1,6,0.17,1.0,6.0,2.5,True,True,True,True,True,False,False,False,True,True,False,True,True,True,True,True
Alpha052,000688.SH,False,train_icir,False,,,0.91,13.0,-0.0488,-0.0343,-0.015,-0.69,-0.0281,0.0076,-0.0523,-0.0518,-0.8362,1.3662,0.128374,-0.065251,0.083525,54,11,1,6,0.17,0.5,8.0,3.0,True,True,True,True,False,False,True,True,True,True,False,False,True,True,True,True
Alpha052,AG,False,train_icir,False,,,0.96,39.0,-0.0217,-0.0375,-0.07,-1.01,-0.0353,0.034300000000000004,-0.033,-0.0329,-0.0788,-1.6443,-0.209682,-0.295261,0.122605,208,29,2,6,0.33,0.75,8.0,4.0,True,True,True,True,False,False,True,False,True,True,False,True,True,True,True,True
Alpha052,AU,False,validation_performance,False,,,0.96,39.0,-0.067,-0.086,-0.625,0.82,-0.0608,-0.025099999999999997,-0.0655,-0.0961,-0.7585,0.1906,0.015059,-0.05518,0.1229,208,29,3,6,0.5,1.0,6.0,3.0,True,True,True,True,True,True,False,False,True,True,False,True,True,True,True,True
Alpha052,EURUSD,True,,False,37,0.904,0.98,75.0,-0.2009,-0.2515,-2.951,9.84,-0.1872,0.3492,-0.1997,-0.2449,-2.4906,9.7806,1.044499,-0.009506,0.120051,376,52,6,6,1.0,1.0,1.5,0.5,True,True,True,True,True,True,True,True,True,True,True,True,True,True,True,True
Alpha052,HSTECH,False,train_ic,False,,,0.92,17.0,0.0018,0.0012,0.254,-1.41,0.0265,-0.0661,-0.0166,-0.0333,0.1227,-1.7421,-0.191844,-0.196398,0.108557,85,13,1,6,0.17,0.5,9.0,4.0,True,True,False,False,False,False,False,False,True,True,False,False,True,True,True,True
Alpha052,NVDA,False,train_ic,False,,,0.93,20.0,-0.0115,-0.0208,0.085,0.65,-0.0478,-0.019799999999999998,0.0214,0.005,0.2799,-1.2078,-0.194016,-0.267947,0.132458,121,15,4,6,0.67,0.75,5.0,3.0,True,True,False,True,False,True,False,False,True,True,True,True,True,True,True,True
Alpha052,QQQ,False,train_icir,False,,,0.93,20.0,-0.0377,-0.0741,-0.228,0.42,-0.059,0.0834,-0.0519,-0.0458,-0.2674,0.8198,0.080565,-0.066528,0.120963,110,15,6,6,1.0,1.0,3.0,2.0,True,True,True,True,False,False,True,True,True,True,True,True,True,True,True,True
Alpha052,SPY,False,oos_performance,False,,,0.93,20.0,-0.0739,-0.0761,-0.555,1.48,-0.025,0.0169,-0.0439,-0.0343,-0.1154,-0.0974,-0.011731,-0.092173,0.125889,115,15,4,6,0.67,0.75,3.0,2.0,True,True,True,True,True,True,True,False,True,True,True,True,True,True,True,True
Alpha052,XAUUSD,False,train_performance,False,,,0.98,75.0,-0.0661,-0.0757,-0.488,0.41,-0.0675,0.0697,-0.0885,-0.0992,-0.832,2.4101,0.371809,-0.044417,0.121169,380,52,5,6,0.83,1.0,6.0,2.5,True,True,True,True,True,False,True,True,True,True,True,True,True,True,True,True
Alpha053,000688.SH,False,train_performance,False,,,1.0,16.0,-0.0409,-0.0482,-0.36,-0.75,-0.1062,0.0874,-0.0587,-0.0805,-0.8923,1.5982,0.119906,-0.026069,0.148659,97,11,1,6,0.17,0.75,8.0,3.0,True,True,True,True,True,False,True,True,True,True,False,True,True,True,True,True
Alpha053,AG,False,train_ic,False,,,1.0,42.0,-0.0173,-0.1004,-0.671,0.45,-0.0624,-0.0060999999999999995,-0.0163,-0.0636,-0.7004,-0.1861,-0.017523,-0.075576,0.109637,186,29,4,6,0.67,0.75,8.0,4.0,True,True,False,True,True,False,False,False,True,True,True,True,True,True,True,True
Alpha053,AU,False,train_performance,False,,,0.99,42.0,-0.106,-0.1389,-1.158,-1.11,-0.116,0.0354,-0.1145,-0.1526,-1.5831,1.7301,0.105124,-0.025299,0.076628,130,28,3,6,0.5,1.0,6.0,3.0,True,True,True,True,True,False,True,True,True,True,False,True,True,True,True,True
Alpha053,EURUSD,False,train_performance,False,,,0.96,74.0,-0.3271,-0.3537,-4.051,0.0,-0.2677,0.0331,-0.241,-0.366,-2.8336,-0.5328,-0.04018,-0.119769,0.01357,42,52,2,6,0.33,1.0,1.5,0.5,True,True,True,True,True,False,True,False,True,True,False,True,True,True,True,True
Alpha053,HSTECH,False,train_performance,False,,,1.0,20.0,-0.0269,-0.0638,-0.358,-0.92,-0.0486,-0.0341,-0.0337,-0.0391,-0.5094,-0.3318,-0.023922,-0.057302,0.082375,64,13,1,6,0.17,1.0,9.0,4.0,True,True,True,True,True,False,False,False,True,True,False,True,True,True,True,True
Alpha053,NVDA,False,train_performance,False,,,0.99,23.0,-0.0405,-0.0486,-0.49,-0.72,-0.0703,-0.08960000000000001,-0.0161,-0.0186,-0.1152,-1.1809,-0.117117,-0.175886,0.112206,102,15,2,6,0.33,0.75,5.0,3.0,True,True,True,True,True,False,False,False,True,True,False,True,True,True,True,True
Alpha053,QQQ,False,train_performance,False,,,0.99,23.0,-0.0795,-0.088,-0.922,-0.35,-0.0241,-0.057800000000000004,-0.0289,-0.0529,-0.3077,0.4442,0.017878,-0.03393,0.077176,70,15,1,6,0.17,1.0,3.0,2.0,True,True,True,True,True,False,False,False,True,True,False,True,True,True,True,True
Alpha053,SPY,False,train_performance,False,,,0.99,23.0,-0.08,-0.0874,-0.948,-0.07,-0.0955,0.011699999999999999,-0.0573,-0.0823,-0.5309,1.3187,0.022748,-0.008738,0.020799,19,15,2,6,0.33,0.75,3.0,2.0,True,True,True,True,True,False,True,True,True,True,False,True,True,True,True,True
Alpha053,XAUUSD,False,validation_performance,False,,,1.0,78.0,-0.0812,-0.1482,-1.329,1.46,-0.0674,-0.013300000000000001,-0.0255,-0.1305,-0.8731,1.6272,0.127478,-0.053075,0.104725,328,52,3,6,0.5,1.0,6.0,2.5,True,True,True,True,True,True,False,True,True,True,False,True,True,True,True,True
Alpha054,000688.SH,False,train_performance,True,,,1.0,17.0,-0.0544,-0.0674,-0.534,-0.62,-0.0594,-0.0368,-0.0664,-0.1,-0.6199,0.9489,0.125702,-0.096471,0.436782,285,11,2,6,0.33,0.75,8.0,3.0,True,True,True,True,True,False,False,True,True,True,False,True,True,True,True,True
Alpha054,AG,False,train_performance,True,,,1.0,43.0,-0.0604,-0.1038,-0.314,-1.31,-0.0631,-0.0225,-0.04,-0.0854,-0.3643,-2.6013,-0.408904,-0.456312,0.45977,780,29,2,6,0.33,1.0,8.0,4.0,True,True,True,True,True,False,False,False,True,True,False,True,True,True,True,True
Alpha054,AU,True,,True,77,0.5993,1.0,43.0,-0.1533,-0.197,-1.474,2.26,-0.1481,0.2375,-0.1585,-0.2003,-1.5809,3.192,0.549398,-0.049827,0.42234,716,29,5,6,0.83,1.0,6.0,3.0,True,True,True,True,True,True,True,True,True,True,True,True,True,True,True,True
Alpha054,EURUSD,True,,True,30,0.9233,1.0,78.0,-0.4118,-0.4197,-5.634,23.48,-0.3941,2.4454,-0.4046,-0.4133,-4.9842,24.0857,11.131775,-0.002944,0.300926,942,52,6,6,1.0,1.0,1.5,0.5,True,True,True,True,True,True,True,True,True,True,True,True,True,True,True,True
Alpha054,HSTECH,False,train_ic,True,,,1.0,20.0,-0.0046,-0.0409,0.013,-1.37,-0.0303,-0.1813,-0.0327,-0.0748,-0.3564,-1.431,-0.231236,-0.281098,0.461686,362,13,1,6,0.17,0.5,9.0,4.0,True,True,False,True,False,False,False,False,True,True,False,False,True,True,True,True
Alpha054,NVDA,False,train_icir,True,,,1.0,23.0,-0.0226,-0.0563,-0.151,0.34,-0.0411,0.0602,-0.0085,-0.0525,0.076,-0.7498,-0.144288,-0.185171,0.463054,423,15,4,6,0.67,0.5,5.0,3.0,True,True,True,True,False,False,True,False,True,True,True,False,True,True,True,True
Alpha054,QQQ,True,,True,115,0.3722,1.0,23.0,-0.0617,-0.1019,-0.56,2.85,-0.0457,0.2357,-0.0699,-0.1061,-0.6478,3.254,0.537394,-0.050688,0.439518,402,15,6,6,1.0,1.0,3.0,2.0,True,True,True,True,True,True,True,True,True,True,True,True,True,True,True,True
Alpha054,SPY,True,,True,109,0.4195,1.0,23.0,-0.057,-0.0937,-0.521,1.41,-0.0751,0.1789,-0.0807,-0.1195,-0.6874,3.0861,0.4224,-0.066236,0.425835,389,15,5,6,0.83,0.75,3.0,2.0,True,True,True,True,True,True,True,True,True,True,True,True,True,True,True,True
Alpha054,XAUUSD,True,,True,85,0.5373,1.0,78.0,-0.1238,-0.1644,-1.217,2.97,-0.1361,0.4096,-0.1228,-0.1603,-1.1283,2.9925,0.663645,-0.060523,0.428321,1342,52,6,6,1.0,1.0,6.0,2.5,True,True,True,True,True,True,True,True,True,True,True,True,True,True,True,True
Alpha055,000688.SH,False,train_performance,False,,,0.94,14.0,0.0483,0.0468,0.468,-0.95,-0.0122,-0.08960000000000001,-0.0086,-0.0179,-0.1546,-2.3634,-0.253872,-0.295811,0.267433,174,11,2,6,0.33,1.0,8.0,3.0,True,True,True,True,True,False,False,False,True,True,False,True,True,True,True,True
Alpha055,AG,False,train_ic,False,,,0.98,40.0,0.0144,0.0119,0.173,-2.77,-0.0086,-0.37579999999999997,-0.0005,-0.0037,-0.0801,-3.3809,-0.484157,-0.484157,0.246684,418,29,0,6,0.0,0.75,8.0,4.0,True,True,False,False,False,False,False,False,True,True,False,True,True,True,True,True
Alpha055,AU,False,train_rank_ic,False,,,0.98,40.0,0.0208,0.0189,0.273,-3.81,0.0047,-0.253,-0.005,-0.0061,-0.0157,-4.8586,-0.444716,-0.452543,0.249042,422,29,0,6,0.0,0.5,6.0,3.0,True,True,True,False,False,False,False,False,True,True,False,False,True,True,True,True
Alpha055,EURUSD,False,train_ic,False,,,0.99,76.0,-0.0008,0.0014,0.013,-1.76,0.0225,-0.11699999999999999,0.0117,0.0152,0.1028,-2.9819,-0.25522,-0.284452,0.257822,808,52,3,6,0.5,0.5,1.5,0.5,True,True,False,False,False,False,False,False,True,True,False,False,True,True,True,True
Alpha055,HSTECH,False,train_ic,False,,,0.95,18.0,0.0186,0.0171,0.115,-1.24,0.0145,-0.1328,0.0324,0.0358,0.3351,-1.7437,-0.263241,-0.305581,0.251596,197,13,1,6,0.17,0.75,9.0,4.0,True,True,False,False,False,False,False,False,True,True,False,True,True,True,True,True
Alpha055,NVDA,False,train_ic,False,,,0.95,21.0,-0.0034,0.001,0.051,-0.5,-0.0286,-0.1149,0.0208,0.0213,0.203,-2.1971,-0.364198,-0.377765,0.241379,220,15,2,6,0.33,0.5,5.0,3.0,True,True,False,False,False,False,False,False,True,True,False,False,True,True,True,True
Alpha055,QQQ,False,train_ic,False,,,0.95,21.0,-0.0055,-0.0119,-0.065,-0.19,0.0414,-0.1553,-0.0085,-0.0036,-0.047,-0.3339,-0.048741,-0.205545,0.240832,220,15,2,6,0.33,0.5,3.0,2.0,True,True,False,False,False,False,False,False,True,True,False,False,True,True,True,True
Alpha055,SPY,False,train_ic,False,,,0.95,21.0,-0.0009,-0.0022,-0.004,-1.83,-0.0355,0.0366,0.0102,0.0075,0.0682,-1.2419,-0.134232,-0.180635,0.239737,219,15,1,6,0.17,0.75,3.0,2.0,True,True,False,False,False,False,True,False,True,True,False,True,True,True,True,True
Alpha055,XAUUSD,False,train_ic,False,,,0.99,76.0,0.0036,0.0047,0.04,-5.86,0.0145,-0.3611,-0.0133,-0.0107,-0.111,-6.7716,-0.67753,-0.681028,0.245849,770,52,2,6,0.33,0.5,6.0,2.5,True,True,False,False,False,False,False,False,False,True,False,False,True,True,True,True
Alpha056,000688.SH,False,train_ic,False,,,0.94,14.0,-0.0131,-0.0109,-0.091,-2.02,-0.0546,-0.08650000000000001,-0.0321,-0.0387,-0.4476,-2.3649,-0.250716,-0.283593,0.36705,240,11,2,6,0.33,0.5,8.0,3.0,True,True,False,False,False,False,False,False,True,True,False,False,True,True,True,True
Alpha056,AG,False,train_performance,False,,,0.98,40.0,-0.0334,-0.0451,-0.389,-3.96,-0.0455,-0.2568,-0.0235,-0.0273,-0.2156,-2.6363,-0.397465,-0.438175,0.359564,610,29,0,6,0.0,1.0,8.0,4.0,True,True,True,True,True,False,False,False,True,True,False,True,True,True,True,True
Alpha056,AU,False,train_performance,False,,,0.98,40.0,-0.1011,-0.1117,-1.063,-1.42,-0.0911,-0.0783,-0.0927,-0.0924,-0.9788,-1.5027,-0.16582,-0.190092,0.338344,574,29,1,6,0.17,1.0,6.0,3.0,True,True,True,True,True,False,False,False,True,True,False,True,True,True,True,True
Alpha056,EURUSD,True,,False,32,0.9201,0.99,76.0,-0.2864,-0.3126,-3.666,16.05,-0.2741,1.4074,-0.2706,-0.2916,-2.968,15.0614,4.027956,-0.012896,0.300607,942,52,6,6,1.0,1.0,1.5,0.5,True,True,True,True,True,True,True,True,True,True,True,True,True,True,True,True
Alpha056,HSTECH,False,train_ic,False,,,0.95,18.0,-0.0126,-0.0116,0.0,-2.35,-0.0525,-0.1292,-0.0178,-0.0067,-0.1107,-2.2541,-0.30381,-0.338231,0.33908,266,13,2,6,0.33,0.75,9.0,4.0,True,True,False,False,False,False,False,False,True,True,False,True,True,True,True,True
Alpha056,NVDA,False,train_icir,False,,,0.95,21.0,-0.0352,-0.0359,-0.268,-0.42,-0.0027,-0.16260000000000002,0.0374,0.0259,0.4612,-3.091,-0.364926,-0.387134,0.367269,336,15,3,6,0.5,0.75,5.0,3.0,True,True,True,True,False,False,False,False,True,True,False,True,True,True,True,True
Alpha056,QQQ,False,train_ic,False,,,0.95,21.0,-0.0124,-0.0193,-0.073,-0.21,-0.0082,-0.1222,-0.0306,-0.0344,-0.2747,-0.0401,-0.009805,-0.107724,0.360153,329,15,2,6,0.33,0.5,3.0,2.0,True,True,False,False,False,False,False,False,True,True,False,False,True,True,True,True
Alpha056,SPY,False,train_performance,False,,,0.95,21.0,-0.0352,-0.0337,-0.354,-0.03,-0.0163,-0.09759999999999999,-0.0444,-0.0402,-0.2949,0.1523,0.010913,-0.104067,0.34428,314,15,2,6,0.33,0.75,3.0,2.0,True,True,True,True,True,False,False,False,True,True,False,True,True,True,True,True
Alpha056,XAUUSD,False,train_performance,False,,,0.99,76.0,-0.0699,-0.0761,-0.623,-2.88,-0.0756,-0.1038,-0.0738,-0.0654,-0.77,-1.9026,-0.27301,-0.312956,0.348978,1093,52,1,6,0.17,1.0,6.0,2.5,True,True,True,True,True,False,False,False,True,True,False,True,True,True,True,True
Alpha057,000688.SH,False,train_icir,False,,,0.94,14.0,-0.0322,-0.0249,-0.243,-1.98,-0.0316,0.0154,-0.0038,-0.0537,0.1,-1.1611,-0.080553,-0.128385,0.14023,92,11,2,6,0.33,0.75,8.0,3.0,True,True,True,True,False,False,True,False,True,True,False,True,True,True,True,True
Alpha057,AG,False,train_performance,False,,,0.98,40.0,-0.0418,-0.0545,-0.317,-0.8,-0.0399,-0.0725,-0.014,-0.0273,-0.0947,-0.4294,-0.050812,-0.115562,0.145004,246,29,1,6,0.17,0.75,8.0,4.0,True,True,True,True,True,False,False,False,True,True,False,True,True,True,True,True
Alpha057,AU,False,train_performance,False,,,0.98,40.0,-0.0674,-0.109,-0.625,-1.01,-0.1007,-0.0096,-0.0824,-0.112,-0.8425,0.3115,0.020299,-0.045952,0.150604,256,29,3,6,0.5,1.0,6.0,3.0,True,True,True,True,True,False,False,False,True,True,False,True,True,True,True,True
Alpha057,EURUSD,True,,False,9,0.9702,0.99,76.0,-0.2361,-0.3744,-3.406,13.43,-0.2892,1.0201,-0.2589,-0.367,-3.2755,13.3269,2.457519,-0.005749,0.153895,482,52,6,6,1.0,1.0,1.5,0.5,True,True,True,True,True,True,True,True,True,True,True,True,True,True,True,True
Alpha057,HSTECH,False,train_ic,False,,,0.95,18.0,-0.0156,-0.0026,0.187,-1.63,-0.0367,-0.1001,0.0052,-0.0136,0.3911,-3.0763,-0.219419,-0.228592,0.130268,102,13,1,6,0.17,0.5,9.0,4.0,True,True,False,False,False,False,False,False,True,True,False,False,True,True,True,True
Alpha057,NVDA,False,train_icir,False,,,0.95,21.0,-0.0537,-0.0402,-0.23,0.23,0.016,-0.0366,0.0141,0.0005,0.3676,-2.5884,-0.194188,-0.194188,0.144499,132,15,5,6,0.83,1.0,5.0,3.0,True,True,True,True,False,False,False,False,True,True,True,True,True,True,True,True
Alpha057,QQQ,False,train_ic,False,,,0.95,21.0,-0.0083,-0.0301,-0.103,0.18,-0.0077,-0.0166,-0.0099,-0.0458,-0.0616,-0.9059,-0.062318,-0.08041,0.157088,144,15,3,6,0.5,0.75,3.0,2.0,True,True,False,True,False,False,False,False,True,True,False,True,True,True,True,True
Alpha057,SPY,False,oos_performance,False,,,0.95,21.0,-0.0383,-0.0384,-0.418,0.84,-0.0936,0.0264,-0.0604,-0.055,-0.4251,0.1789,0.009979,-0.063427,0.156541,143,15,4,6,0.67,0.75,3.0,2.0,True,True,True,True,True,True,True,False,True,True,True,True,True,True,True,True
Alpha057,XAUUSD,False,train_performance,False,,,0.99,76.0,-0.0625,-0.0942,-0.633,-1.03,-0.0837,0.0874,-0.0804,-0.0881,-0.8668,-0.4478,-0.050198,-0.111855,0.157727,494,52,4,6,0.67,1.0,6.0,2.5,True,True,True,True,True,False,True,False,True,True,True,True,True,True,True,True
Alpha058,000688.SH,False,train_rank_ic,False,,,1.0,16.0,0.0256,0.0167,0.258,-0.93,0.0168,-0.16519999999999999,0.0209,0.0282,0.2867,-1.3741,-0.203641,-0.265569,0.341762,223,11,2,6,0.33,0.75,8.0,3.0,True,True,True,False,False,False,False,False,True,True,False,True,True,True,True,True
Alpha058,AG,False,train_ic,False,,,1.0,42.0,0.0093,0.0067,0.095,-3.75,-0.0435,-0.5307,-0.0053,-0.0095,-0.0497,-4.667,-0.635092,-0.635092,0.342765,582,29,0,6,0.0,0.75,8.0,4.0,True,True,False,False,False,False,False,False,False,True,False,True,True,True,True,True
Alpha058,AU,False,train_ic,False,,,1.0,42.0,0.0081,0.0074,0.102,-5.2,0.0145,-0.2177,-0.0174,-0.022,-0.065,-6.4706,-0.563166,-0.572423,0.359564,610,29,0,6,0.0,0.75,6.0,3.0,True,True,False,False,False,False,False,False,False,True,False,True,True,True,True,True
Alpha058,EURUSD,False,train_ic,False,,,1.0,78.0,-0.0026,-0.0039,-0.021,-3.86,-0.0016,-0.2162,-0.0045,-0.0069,-0.0637,-3.7911,-0.322824,-0.333758,0.370211,1160,52,0,6,0.0,0.75,1.5,0.5,True,True,False,False,False,False,False,False,True,True,False,True,True,True,True,True
Alpha058,HSTECH,False,train_ic,False,,,1.0,20.0,0.0119,0.0109,0.044,-2.29,0.0048,-0.2525,0.0516,0.0522,0.6989,-0.1643,-0.054037,-0.174506,0.347382,272,13,1,6,0.17,0.75,9.0,4.0,True,True,False,False,False,False,False,False,True,True,False,True,True,True,True,True
Alpha058,NVDA,False,train_ic,False,,,1.0,23.0,-0.0178,-0.0186,-0.112,-0.8,-0.0505,0.054900000000000004,0.0138,0.0156,0.0683,-2.0892,-0.374256,-0.386578,0.339354,310,15,1,6,0.17,0.5,5.0,3.0,True,True,False,False,False,False,True,False,True,True,False,False,True,True,True,True
Alpha058,QQQ,False,train_performance,False,,,1.0,23.0,0.0274,0.0276,0.323,0.02,0.0187,-0.069,0.0089,0.0155,0.1142,-1.7571,-0.227129,-0.238389,0.339901,310,15,3,6,0.5,0.75,3.0,2.0,True,True,True,True,True,False,False,False,True,True,False,True,True,True,True,True
Alpha058,SPY,False,train_performance,False,,,1.0,23.0,0.0319,0.0335,0.406,0.41,-0.0059,-0.0669,-0.0357,-0.0449,-0.3827,-2.4359,-0.256398,-0.272602,0.345922,316,15,0,6,0.0,1.0,3.0,2.0,True,True,True,True,True,False,False,False,True,True,False,True,True,True,True,True
Alpha058,XAUUSD,False,train_ic,False,,,1.0,78.0,0.0031,0.0052,0.013,-6.57,-0.0166,-0.5572,-0.0096,-0.0078,-0.085,-7.6808,-0.755357,-0.760598,0.346903,1086,52,0,6,0.0,0.75,6.0,2.5,True,True,False,False,False,False,False,False,False,True,False,True,True,True,True,True
Alpha059,000688.SH,False,train_performance,False,,,0.99,16.0,0.0491,0.0441,0.486,-0.45,0.0321,-0.1027,0.018,0.0209,0.6054,-1.5274,-0.205265,-0.222104,0.267433,174,11,1,6,0.17,1.0,8.0,3.0,True,True,True,True,True,False,False,False,True,True,False,True,True,True,True,True
Alpha059,AG,False,train_ic,False,,,1.0,42.0,0.0118,0.0053,0.13,-2.64,-0.0419,-0.4698,-0.0181,-0.0165,-0.1939,-4.7266,-0.640792,-0.644415,0.263189,446,29,0,6,0.0,0.75,8.0,4.0,True,True,False,False,False,False,False,False,False,True,False,True,True,True,True,True
Alpha059,AU,False,train_ic,False,,,1.0,42.0,0.0046,0.0062,0.035,-4.12,0.0372,-0.154,-0.0329,-0.0398,-0.192,-5.7576,-0.542842,-0.551914,0.268494,456,29,0,6,0.0,0.75,6.0,3.0,True,True,False,False,False,False,False,False,False,True,False,True,True,True,True,True
Alpha059,EURUSD,False,train_rank_ic,False,,,1.0,78.0,-0.0207,-0.018,-0.176,-1.01,0.0092,-0.17120000000000002,-0.0223,-0.0251,-0.1628,-1.0445,-0.123407,-0.261254,0.29917,937,52,1,6,0.17,1.0,1.5,0.5,True,True,True,False,False,False,False,False,True,True,False,True,True,True,True,True
Alpha059,HSTECH,False,train_ic,False,,,0.99,20.0,-0.0011,-0.0016,-0.119,-1.9,0.0039,-0.17149999999999999,0.0419,0.0423,0.5097,-3.1911,-0.486103,-0.494331,0.278416,218,13,4,6,0.67,0.5,9.0,4.0,True,True,False,False,False,False,False,False,True,True,True,False,True,True,True,True
Alpha059,NVDA,False,train_ic,False,,,1.0,23.0,-0.0091,-0.0065,-0.028,-1.5,-0.0271,-0.0723,-0.0024,-0.002,-0.0786,-0.7875,-0.170321,-0.208714,0.268747,246,15,2,6,0.33,0.5,5.0,3.0,True,True,False,False,False,False,False,False,True,True,False,False,True,True,True,True
Alpha059,QQQ,False,train_ic,False,,,1.0,23.0,-0.0045,-0.0064,-0.024,-1.11,0.0125,-0.1091,-0.0283,-0.0302,-0.2038,0.751,0.098299,-0.115805,0.271483,248,15,3,6,0.5,0.5,3.0,2.0,True,True,False,False,False,False,False,True,True,True,False,False,True,True,True,True
Alpha059,SPY,False,train_icir,False,,,1.0,23.0,0.0312,0.0378,0.295,0.55,-0.0148,-0.1195,-0.0163,-0.0215,-0.2731,-1.7329,-0.202905,-0.227041,0.267105,244,15,3,6,0.5,1.0,3.0,2.0,True,True,True,True,False,True,False,False,True,True,False,True,True,True,True,True
Alpha059,XAUUSD,False,train_ic,False,,,1.0,78.0,0.0038,0.0048,0.026,-4.84,0.0015,-0.3307,-0.0101,-0.0111,-0.0967,-5.5613,-0.665397,-0.672746,0.261973,820,52,0,6,0.0,0.75,6.0,2.5,True,True,False,False,False,False,False,False,False,True,False,True,True,True,True,True
Alpha060,000688.SH,False,train_performance,True,,,0.9,13.0,-0.0393,-0.0295,-0.305,-1.48,-0.075,-0.07400000000000001,-0.1011,-0.0924,-0.8653,0.3903,0.045567,-0.103411,0.383908,250,11,2,6,0.33,0.75,8.0,3.0,True,True,True,True,True,False,False,False,True,True,False,True,True,True,True,True
Alpha060,AG,False,train_performance,True,,,0.96,39.0,-0.0812,-0.0823,-0.72,-1.97,-0.0905,0.0361,-0.0532,-0.0536,-0.4488,-3.5454,-0.485687,-0.539748,0.394047,668,29,1,6,0.17,1.0,8.0,4.0,True,True,True,True,True,False,True,False,False,True,False,True,True,True,True,True
Alpha060,AU,True,,True,65,0.6472,0.96,39.0,-0.1764,-0.1822,-1.967,1.29,-0.1833,0.1709,-0.1886,-0.1822,-2.1055,2.4548,0.379854,-0.059345,0.35809,608,29,4,6,0.67,1.0,6.0,3.0,True,True,True,True,True,True,True,True,True,True,True,True,True,True,True,True
Alpha060,EURUSD,True,,True,22,0.9354,0.98,75.0,-0.4194,-0.4235,-5.974,21.18,-0.4067,2.5509,-0.416,-0.4176,-5.9323,24.4953,11.30602,-0.002904,0.265326,831,52,6,6,1.0,1.0,1.5,0.5,True,True,True,True,True,True,True,True,True,True,True,True,True,True,True,True
Alpha060,HSTECH,False,train_ic,True,,,0.92,17.0,-0.0042,-0.0054,0.01,-2.98,-0.0141,-0.28309999999999996,-0.0446,-0.041,-0.3644,-2.1265,-0.297553,-0.336489,0.397829,312,13,0,6,0.0,0.25,9.0,4.0,True,True,False,False,False,False,False,False,True,True,False,False,True,True,True,True
Alpha060,NVDA,False,train_icir,True,,,0.93,20.0,-0.0411,-0.039,-0.287,-0.21,-0.0327,-0.0273,-0.0079,-0.0119,0.0668,-1.4741,-0.234918,-0.26067,0.41434,378,15,2,6,0.33,0.75,5.0,3.0,True,True,True,True,False,False,False,False,True,True,False,True,True,True,True,True
Alpha060,QQQ,True,,True,119,0.3472,0.93,20.0,-0.0808,-0.0814,-0.938,1.33,-0.0863,0.15439999999999998,-0.0917,-0.0914,-1.0323,0.6369,0.076735,-0.109315,0.377668,345,15,4,6,0.67,1.0,3.0,2.0,True,True,True,True,True,True,True,True,True,True,True,True,True,True,True,True
Alpha060,SPY,True,,True,100,0.472,0.93,20.0,-0.0796,-0.0795,-0.709,2.08,-0.1007,0.10339999999999999,-0.112,-0.1117,-1.0196,2.731,0.367528,-0.047494,0.376026,344,15,5,6,0.83,0.75,3.0,2.0,True,True,True,True,True,True,True,True,True,True,True,True,True,True,True,True
Alpha060,XAUUSD,True,,True,71,0.6139,0.98,75.0,-0.1476,-0.1465,-1.363,2.69,-0.1744,0.514,-0.149,-0.1456,-1.3837,3.1908,0.773549,-0.08496,0.354885,1112,52,6,6,1.0,1.0,6.0,2.5,True,True,True,True,True,True,True,True,True,True,True,True,True,True,True,True
Alpha061,000688.SH,False,train_ic,False,,,0.92,14.0,-0.0155,-0.0165,-0.026,0.16,-0.0533,0.0633,-0.0359,-0.0315,-0.3913,-0.2297,-0.043359,-0.196483,0.114176,74,11,2,6,0.33,0.5,8.0,3.0,True,True,False,False,False,False,True,False,True,True,False,False,True,True,True,True
Alpha061,AG,False,validation_performance,False,,,0.97,40.0,-0.0451,-0.0413,-0.487,0.66,0.0031,-0.122,-0.0355,-0.0341,-0.1096,0.2489,0.03502,-0.196253,0.111701,190,29,2,6,0.33,1.0,8.0,4.0,True,True,True,True,True,True,False,False,True,True,False,True,True,True,True,True
Alpha061,AU,False,validation_performance,False,,,0.97,40.0,-0.0847,-0.0845,-0.819,1.1,-0.0657,-0.0040999999999999995,-0.0717,-0.0663,-0.7246,1.1614,0.170652,-0.068946,0.094607,160,29,4,6,0.67,1.0,6.0,3.0,True,True,True,True,True,True,False,True,True,True,True,True,True,True,True,True
Alpha061,EURUSD,True,,False,51,0.8328,0.98,76.0,-0.1817,-0.1872,-1.561,5.14,-0.199,0.6686,-0.2021,-0.201,-1.4984,7.3364,1.321159,-0.021344,0.082854,260,52,6,6,1.0,1.0,1.5,0.5,True,True,True,True,True,True,True,True,True,True,True,True,True,True,True,True
Alpha061,HSTECH,False,train_ic,False,,,0.93,17.0,0.011,0.0164,0.122,-0.23,-0.0208,-0.2027,-0.0314,-0.0258,-0.1561,-1.2672,-0.216286,-0.31351,0.114943,90,13,3,6,0.5,0.5,9.0,4.0,True,True,False,False,False,False,False,False,True,True,False,False,True,True,True,True
Alpha061,NVDA,False,train_ic,False,,,0.94,20.0,-0.0181,-0.0197,-0.169,0.02,-0.0573,0.22949999999999998,0.0074,0.0053,0.1674,-0.9426,-0.17931,-0.200296,0.109469,100,15,3,6,0.5,0.75,5.0,3.0,True,True,False,False,False,False,True,False,True,True,False,True,True,True,True,True
Alpha061,QQQ,False,train_ic,False,,,0.94,20.0,-0.0117,-0.0122,-0.077,-0.18,0.0235,-0.08470000000000001,-0.0378,-0.0399,-0.4547,0.4285,0.051303,-0.06702,0.105638,96,15,2,6,0.33,0.5,3.0,2.0,True,True,False,False,False,False,False,False,True,True,False,False,True,True,True,True
Alpha061,SPY,False,train_ic,False,,,0.94,20.0,0.0016,0.0046,0.121,-0.0,-0.0296,-0.0823,-0.0344,-0.0332,-0.4825,-1.8279,-0.195119,-0.211385,0.108374,99,15,4,6,0.67,0.5,3.0,2.0,True,True,False,False,False,False,False,False,True,True,True,False,True,True,True,True
Alpha061,XAUUSD,True,,False,97,0.4843,0.98,76.0,-0.0658,-0.0685,-0.603,1.3,-0.063,0.1603,-0.0847,-0.0846,-0.9144,2.2177,0.461653,-0.091259,0.094349,296,52,5,6,0.83,1.0,6.0,2.5,True,True,True,True,True,True,True,True,True,True,True,True,True,True,True,True
Alpha062,000688.SH,False,train_rank_ic,False,,,0.9,13.0,-0.0247,-0.0162,-0.418,-1.32,-0.0458,0.0371,-0.0655,-0.0662,-0.5314,0.7993,0.102108,-0.081262,0.252874,165,11,1,6,0.17,0.75,8.0,3.0,True,True,True,False,True,False,True,True,True,True,False,True,True,True,True,True
Alpha062,AG,False,train_rank_ic,False,,,0.96,39.0,-0.0217,-0.0199,-0.252,-1.1,-0.0165,-0.2957,-0.0299,-0.0259,-0.3205,-3.0935,-0.4671,-0.49126,0.251695,427,29,1,6,0.17,0.75,8.0,4.0,True,True,True,False,False,False,False,False,True,True,False,True,True,True,True,True
Alpha062,AU,False,train_performance,False,,,0.96,39.0,-0.0405,-0.0435,-0.444,-2.1,-0.0222,-0.2607,-0.0422,-0.0334,-0.416,-1.7604,-0.229404,-0.265626,0.248158,421,29,1,6,0.17,1.0,6.0,3.0,True,True,True,True,True,False,False,False,True,True,False,True,True,True,True,True
Alpha062,EURUSD,True,,False,88,0.5195,0.98,75.0,-0.1444,-0.1466,-1.45,4.44,-0.11,0.16149999999999998,-0.1328,-0.1356,-1.1365,3.2884,0.438275,-0.036957,0.21408,670,52,5,6,0.83,1.0,1.5,0.5,True,True,True,True,True,True,True,True,True,True,True,True,True,True,True,True
Alpha062,HSTECH,False,train_performance,False,,,0.92,17.0,0.0573,0.0517,0.593,-0.24,-0.0128,-0.1134,0.0231,0.018,0.4881,-0.8688,-0.137371,-0.224988,0.263729,206,13,3,6,0.5,1.0,9.0,4.0,True,True,True,True,True,False,False,False,True,True,False,True,True,True,True,True
Alpha062,NVDA,False,train_ic,False,,,0.93,20.0,-0.008,-0.008,-0.06,-2.08,-0.0591,0.25739999999999996,0.0402,0.0391,0.4598,-2.5691,-0.379581,-0.402434,0.272031,248,15,1,6,0.17,0.75,5.0,3.0,True,True,False,False,False,False,True,False,True,True,False,True,True,True,True,True
Alpha062,QQQ,False,train_ic,False,,,0.93,20.0,0.0008,-0.0035,-0.013,-0.51,-0.019,-0.1246,-0.0409,-0.0507,-0.4085,-2.5292,-0.27416,-0.277998,0.250137,228,15,1,6,0.17,0.25,3.0,2.0,True,True,False,False,False,False,False,False,True,True,False,False,True,True,True,True
Alpha062,SPY,False,train_ic,False,,,0.93,20.0,-0.0095,-0.0042,-0.175,-2.2,-0.0328,-0.07780000000000001,-0.0172,-0.0141,-0.1662,-1.0097,-0.115617,-0.142062,0.238643,218,15,2,6,0.33,0.5,3.0,2.0,True,True,False,False,False,False,False,False,True,True,False,False,True,True,True,True
Alpha062,XAUUSD,False,train_performance,False,,,0.98,75.0,-0.0251,-0.0215,-0.307,-3.85,-0.0176,-0.34,-0.0066,-0.0038,-0.0504,-4.8826,-0.608756,-0.611529,0.265485,832,52,1,6,0.17,1.0,6.0,2.5,True,True,True,True,True,False,False,False,False,True,False,True,True,True,True,True
Alpha063,000688.SH,False,train_icir,True,,,0.91,13.0,-0.0341,-0.0226,0.016,-0.58,-0.0634,0.0767,-0.0845,-0.0718,-0.5357,1.0752,0.146054,-0.154522,0.106513,70,11,4,6,0.67,0.5,8.0,3.0,True,True,True,True,False,False,True,True,True,True,True,False,True,True,True,True
Alpha063,AG,True,,True,131,0.3002,0.96,39.0,-0.0601,-0.0598,-0.647,0.75,-0.0517,0.0148,-0.0685,-0.0686,-0.3537,1.1098,0.227113,-0.075121,0.111701,190,29,4,6,0.67,1.0,8.0,4.0,True,True,True,True,True,True,True,True,True,True,True,True,True,True,True,True
Alpha063,AU,True,,True,60,0.6987,0.96,39.0,-0.1405,-0.1406,-1.132,3.41,-0.1394,0.1946,-0.1355,-0.142,-1.3944,4.1919,0.675219,-0.043452,0.095196,162,29,5,6,0.83,1.0,6.0,3.0,True,True,True,True,True,True,True,True,True,True,True,True,True,True,True,True
Alpha063,EURUSD,True,,True,23,0.9344,0.98,75.0,-0.316,-0.3223,-3.035,13.39,-0.3286,1.3566,-0.3162,-0.3242,-2.518,12.9493,3.793575,-0.038039,0.094508,296,52,6,6,1.0,1.0,1.5,0.5,True,True,True,True,True,True,True,True,True,True,True,True,True,True,True,True
Alpha063,HSTECH,False,train_ic,True,,,0.92,17.0,0.0095,0.0124,0.14,-0.08,-0.0401,-0.1618,-0.0156,-0.0048,0.0889,-1.7179,-0.274193,-0.317602,0.109195,86,13,3,6,0.5,0.5,9.0,4.0,True,True,False,False,False,False,False,False,True,True,False,False,True,True,True,True
Alpha063,NVDA,False,train_icir,True,,,0.93,20.0,-0.0394,-0.0373,-0.139,1.39,-0.0912,0.2977,-0.0024,-0.0027,0.0478,-0.3368,-0.081171,-0.1939,0.102901,94,15,6,6,1.0,0.75,5.0,3.0,True,True,True,True,False,True,True,False,True,True,True,True,True,True,True,True
Alpha063,QQQ,False,oos_performance,True,,,0.93,20.0,-0.0808,-0.0878,-1.108,1.68,-0.0332,0.08380000000000001,-0.0246,-0.0192,-0.2195,0.0443,-0.002247,-0.077243,0.105638,96,15,4,6,0.67,1.0,3.0,2.0,True,True,True,True,True,True,True,False,True,True,True,True,True,True,True,True
Alpha063,SPY,False,walk_forward,True,,,0.93,20.0,-0.0649,-0.063,-0.586,1.59,-0.1072,0.12369999999999999,-0.0813,-0.0754,-0.9099,2.0426,0.259707,-0.058175,0.114395,104,15,3,6,0.5,0.75,3.0,2.0,True,True,True,True,True,True,True,True,True,True,False,True,True,True,True,True
Alpha063,XAUUSD,True,,True,56,0.7461,0.98,75.0,-0.1122,-0.1141,-1.041,3.95,-0.1554,0.6362,-0.1344,-0.1316,-1.2544,5.4858,1.689977,-0.056637,0.104246,326,52,6,6,1.0,1.0,6.0,2.5,True,True,True,True,True,True,True,True,True,True,True,True,True,True,True,True
Alpha064,000688.SH,False,train_icir,True,,,0.93,14.0,-0.0233,-0.0219,-0.124,-0.41,0.0459,0.024,-0.0836,-0.0715,-1.3919,1.0991,0.144174,-0.07131,0.114176,74,11,5,6,0.83,0.5,8.0,3.0,True,True,True,True,False,False,False,True,True,True,True,False,True,True,True,True
Alpha064,AG,False,train_icir,True,,,0.97,40.0,-0.0307,-0.0314,-0.283,-0.4,-0.0287,-0.1406,-0.0385,-0.0326,-0.3324,0.5477,0.100837,-0.122203,0.131152,222,29,4,6,0.67,1.0,8.0,4.0,True,True,True,True,False,False,False,True,True,True,True,True,True,True,True,True
Alpha064,AU,True,,True,110,0.4144,0.97,40.0,-0.1179,-0.1173,-1.161,2.11,-0.1062,0.0818,-0.1081,-0.1034,-1.0514,0.7641,0.097391,-0.100795,0.116121,197,29,5,6,0.83,1.0,6.0,3.0,True,True,True,True,True,True,True,True,True,True,True,True,True,True,True,True
Alpha064,EURUSD,True,,True,45,0.8666,0.99,76.0,-0.2441,-0.2456,-2.088,7.48,-0.2453,0.7893000000000001,-0.2622,-0.2612,-1.857,9.9756,2.414435,-0.019828,0.095626,300,52,6,6,1.0,1.0,1.5,0.5,True,True,True,True,True,True,True,True,True,True,True,True,True,True,True,True
Alpha064,HSTECH,False,train_ic,True,,,0.94,17.0,0.01,0.002,0.086,-0.76,0.0067,-0.1186,-0.0133,-0.017,-0.103,-0.2209,-0.042986,-0.176369,0.119413,94,13,3,6,0.5,0.5,9.0,4.0,True,True,False,False,False,False,False,False,True,True,False,False,True,True,True,True
Alpha064,NVDA,False,train_ic,True,,,0.95,21.0,-0.018,-0.0186,-0.273,-0.55,-0.0586,0.0808,0.0261,0.0243,0.2227,-1.1269,-0.220964,-0.226259,0.133552,122,15,3,6,0.5,0.5,5.0,3.0,True,True,False,False,False,False,True,False,True,True,False,False,True,True,True,True
Alpha064,QQQ,False,train_icir,True,,,0.95,21.0,-0.0241,-0.0293,-0.143,0.36,-0.0212,-0.0407,0.0031,-0.0019,0.0301,-0.9618,-0.132286,-0.193617,0.125889,115,15,4,6,0.67,0.75,3.0,2.0,True,True,True,True,False,False,False,False,True,True,True,True,True,True,True,True
Alpha064,SPY,False,walk_forward,True,,,0.95,21.0,-0.0499,-0.046,-0.444,0.66,-0.0493,0.049400000000000006,-0.0135,-0.0134,-0.1701,0.5135,0.056411,-0.074662,0.1341,122,15,3,6,0.5,1.0,3.0,2.0,True,True,True,True,True,True,True,True,True,True,False,True,True,True,True,True
Alpha064,XAUUSD,True,,True,91,0.4999,0.99,76.0,-0.0878,-0.0907,-0.873,2.62,-0.112,0.1959,-0.0924,-0.0873,-0.8038,2.4429,0.596804,-0.107977,0.120211,376,52,5,6,0.83,1.0,6.0,2.5,True,True,True,True,True,True,True,True,True,True,True,True,True,True,True,True
Alpha065,000688.SH,False,train_ic,False,,,0.94,14.0,0.0015,0.0004,0.092,-1.52,-0.0404,-0.17850000000000002,-0.0398,-0.0338,-0.2849,-1.5036,-0.175725,-0.20504,0.170115,111,11,3,6,0.5,0.5,8.0,3.0,True,True,False,False,False,False,False,False,True,True,False,False,True,True,True,True
Alpha065,AG,False,train_ic,False,,,0.98,40.0,0.0144,0.0117,0.235,-1.73,-0.0171,-0.30579999999999996,-0.0306,-0.0289,-0.1203,-3.767,-0.526046,-0.526046,0.18214,309,29,1,6,0.17,0.75,8.0,4.0,True,True,False,False,False,False,False,False,False,True,False,True,True,True,True,True
Alpha065,AU,False,train_performance,False,,,0.98,40.0,-0.0454,-0.0471,-0.407,-0.94,-0.0712,-0.061200000000000004,-0.0503,-0.0476,-0.698,0.1089,0.007414,-0.070149,0.164162,278,29,1,6,0.17,1.0,6.0,3.0,True,True,True,True,True,False,False,False,True,True,False,True,True,True,True,True
Alpha065,EURUSD,True,,False,84,0.5401,0.99,76.0,-0.0865,-0.0863,-0.764,2.66,-0.0954,0.19390000000000002,-0.0898,-0.0947,-0.9409,3.0227,0.409148,-0.031419,0.137612,431,52,5,6,0.83,1.0,1.5,0.5,True,True,True,True,True,True,True,True,True,True,True,True,True,True,True,True
Alpha065,HSTECH,False,train_rank_ic,False,,,0.95,18.0,0.0213,0.0141,0.248,-1.39,0.0235,-0.1257,-0.006,-0.007,0.2406,-1.4151,-0.21567,-0.316652,0.182631,143,13,2,6,0.33,0.75,9.0,4.0,True,True,True,False,False,False,False,False,True,True,False,True,True,True,True,True
Alpha065,NVDA,False,train_icir,False,,,0.95,21.0,-0.0454,-0.0448,-0.271,0.13,-0.0206,-0.07339999999999999,-0.0071,-0.0079,0.1085,-1.9046,-0.300606,-0.318865,0.184455,168,15,3,6,0.5,0.75,5.0,3.0,True,True,True,True,False,False,False,False,True,True,False,True,True,True,True,True
Alpha065,QQQ,False,train_ic,False,,,0.95,21.0,-0.0041,-0.0089,-0.029,-1.05,-0.0687,0.0282,-0.0163,-0.0206,-0.0695,-0.6244,-0.081101,-0.121976,0.173508,158,15,4,6,0.67,0.5,3.0,2.0,True,True,False,False,False,False,True,False,True,True,True,False,True,True,True,True
Alpha065,SPY,False,train_icir,False,,,0.95,21.0,-0.0331,-0.0301,-0.289,0.42,0.0283,-0.1632,0.0038,0.004,0.0968,-1.2716,-0.129847,-0.160588,0.172414,158,15,3,6,0.5,0.75,3.0,2.0,True,True,True,True,False,False,False,False,True,True,False,True,True,True,True,True
Alpha065,XAUUSD,False,train_icir,False,,,0.99,76.0,-0.0298,-0.0316,-0.228,-1.27,-0.0396,-0.1778,-0.0223,-0.0199,-0.1277,-2.6795,-0.389597,-0.427303,0.170817,535,52,0,6,0.0,1.0,6.0,2.5,True,True,True,True,False,False,False,False,True,True,False,True,True,True,True,True
Alpha066,000688.SH,False,train_ic,False,,,0.91,14.0,-0.0075,-0.0005,0.016,1.05,-0.0941,0.0398,-0.0903,-0.0777,-0.5916,0.7745,0.083558,-0.090571,0.12567,82,11,2,6,0.33,0.75,8.0,3.0,True,True,False,False,False,True,True,True,True,True,False,True,True,True,True,True
Alpha066,AG,False,train_performance,False,,,0.98,40.0,-0.0479,-0.0522,-0.394,0.03,-0.0506,-0.028999999999999998,-0.0316,-0.0281,-0.1051,-1.1116,-0.194576,-0.26505,0.197465,335,29,2,6,0.33,1.0,8.0,4.0,True,True,True,True,True,False,False,False,True,True,False,True,True,True,True,True
Alpha066,AU,False,train_performance,False,,,0.92,38.0,-0.1183,-0.1167,-0.995,-0.25,-0.1544,0.0621,-0.1442,-0.1349,-1.5777,3.3188,0.51989,-0.047811,0.140584,238,28,3,6,0.5,1.0,6.0,3.0,True,True,True,True,True,False,True,True,True,True,False,True,True,True,True,True
Alpha066,EURUSD,False,train_performance,False,,,0.87,62.0,-0.3711,-0.373,-4.37,-0.77,-0.3406,0.5754,-0.3614,-0.3586,-4.8122,6.3229,1.177559,-0.08685,0.071679,224,50,4,6,0.67,1.0,1.5,0.5,True,True,True,True,True,False,True,True,True,True,True,True,True,True,True,True
Alpha066,HSTECH,False,train_ic,False,,,0.95,18.0,0.0074,0.0014,0.173,-1.58,-0.0202,-0.2163,0.003,0.0114,0.3361,-1.9332,-0.282107,-0.302725,0.220307,172,13,3,6,0.5,0.75,9.0,4.0,True,True,False,False,False,False,False,False,True,True,False,True,True,True,True,True
Alpha066,NVDA,False,train_rank_ic,False,,,0.94,21.0,-0.0215,-0.0167,-0.038,0.14,-0.0284,-0.2296,0.0002,-0.0018,0.1612,-0.3103,-0.06674,-0.244961,0.163109,149,15,3,6,0.5,0.5,5.0,3.0,True,True,True,False,False,False,False,False,True,True,False,False,True,True,True,True
Alpha066,QQQ,True,,False,134,0.2773,0.9,20.0,-0.056,-0.056,-0.473,1.1,-0.0958,0.1153,-0.0468,-0.0455,-0.2686,0.8029,0.111587,-0.072581,0.100712,92,15,4,6,0.67,0.75,3.0,2.0,True,True,True,True,True,True,True,True,True,True,True,True,True,True,True,True
Alpha066,SPY,False,walk_forward,False,,,0.93,20.0,-0.0877,-0.0835,-0.601,2.38,-0.0354,0.029300000000000003,-0.0504,-0.0537,-0.3671,0.6563,0.085442,-0.121593,0.09907,90,15,3,6,0.5,0.75,3.0,2.0,True,True,True,True,True,True,True,True,True,True,False,True,True,True,True,True
Alpha066,XAUUSD,True,,False,96,0.4845,0.98,76.0,-0.11,-0.1098,-0.895,2.19,-0.157,0.6528,-0.1024,-0.0979,-0.8247,1.9369,0.379169,-0.085151,0.185824,582,52,6,6,1.0,1.0,6.0,2.5,True,True,True,True,True,True,True,True,True,True,True,True,True,True,True,True
Alpha067,000688.SH,False,train_icir,False,,,0.94,14.0,-0.0258,-0.0281,-0.263,-1.41,-0.0703,-0.0689,-0.063,-0.0679,-0.9145,-0.7153,-0.098817,-0.194296,0.366284,239,11,1,6,0.17,0.5,8.0,3.0,True,True,True,True,False,False,False,False,True,True,False,False,True,True,True,True
Alpha067,AG,False,train_icir,False,,,0.98,40.0,-0.0299,-0.0318,-0.286,-3.78,-0.0548,-0.3131,-0.0263,-0.0311,-0.3004,-3.1061,-0.486996,-0.492407,0.393752,668,29,1,6,0.17,1.0,8.0,4.0,True,True,True,True,False,False,False,False,True,True,False,True,True,True,True,True
Alpha067,AU,False,train_performance,False,,,0.98,40.0,-0.0988,-0.0935,-1.16,-1.68,-0.0658,-0.17420000000000002,-0.07,-0.0632,-0.6906,-2.8729,-0.283993,-0.299498,0.374005,634,29,0,6,0.0,1.0,6.0,3.0,True,True,True,True,True,False,False,False,True,True,False,True,True,True,True,True
Alpha067,EURUSD,True,,False,42,0.8768,0.99,76.0,-0.2873,-0.2845,-2.997,13.4,-0.2918,1.2457,-0.2641,-0.2569,-2.406,12.8283,2.919361,-0.009697,0.298212,934,52,6,6,1.0,1.0,1.5,0.5,True,True,True,True,True,True,True,True,True,True,True,True,True,True,True,True
Alpha067,HSTECH,False,train_ic,False,,,0.95,18.0,-0.0042,-0.0011,-0.015,-2.33,-0.0447,-0.2052,-0.0309,-0.0194,-0.1908,-3.3551,-0.426341,-0.436709,0.399106,312,13,0,6,0.0,0.25,9.0,4.0,True,True,False,False,False,False,False,False,True,True,False,False,True,True,True,True
Alpha067,NVDA,False,train_ic,False,,,0.95,21.0,-0.0121,-0.0246,-0.035,-0.14,-0.0561,0.0203,0.0052,0.0138,0.1517,-2.8161,-0.418429,-0.418429,0.422003,386,15,4,6,0.67,0.75,5.0,3.0,True,True,False,True,False,False,True,False,True,True,True,True,True,True,True,True
Alpha067,QQQ,False,train_icir,False,,,0.95,21.0,-0.0296,-0.028,-0.291,-0.13,-0.0222,0.0359,-0.0304,-0.0274,-0.3762,-0.3996,-0.051234,-0.121214,0.369458,338,15,4,6,0.67,0.75,3.0,2.0,True,True,True,True,False,False,True,False,True,True,True,True,True,True,True,True
Alpha067,SPY,False,validation_performance,False,,,0.95,21.0,-0.0481,-0.043,-0.551,0.62,-0.0015,-0.043,-0.0393,-0.0301,-0.3826,0.9893,0.11483,-0.102547,0.385878,352,15,3,6,0.5,0.75,3.0,2.0,True,True,True,True,True,True,False,True,True,True,False,True,True,True,True,True
Alpha067,XAUUSD,False,train_performance,False,,,0.99,76.0,-0.0705,-0.071,-0.765,-2.75,-0.1149,0.008,-0.0719,-0.0667,-0.6604,-3.3194,-0.44638,-0.451499,0.372126,1166,52,1,6,0.17,1.0,6.0,2.5,True,True,True,True,True,False,True,False,True,True,False,True,True,True,True,True
Alpha068,000688.SH,False,train_icir,False,,,0.93,14.0,-0.0262,-0.0278,-0.205,-2.39,-0.0263,-0.1409,-0.0181,-0.0054,-0.1324,-1.5201,-0.192522,-0.251908,0.266667,174,11,1,6,0.17,0.5,8.0,3.0,True,True,True,True,False,False,False,False,True,True,False,False,True,True,True,True
Alpha068,AG,False,train_icir,False,,,0.97,40.0,-0.0214,-0.0234,-0.209,-3.19,0.0081,-0.30269999999999997,-0.027,-0.0247,-0.2875,-2.4368,-0.392488,-0.40903,0.276452,469,29,1,6,0.17,1.0,8.0,4.0,True,True,True,True,False,False,False,False,True,True,False,True,True,True,True,True
Alpha068,AU,False,train_performance,False,,,0.97,40.0,-0.0532,-0.0557,-0.608,-2.61,-0.0866,-0.0765,-0.1022,-0.0969,-1.0385,-0.1733,-0.030386,-0.130518,0.254052,431,29,3,6,0.5,1.0,6.0,3.0,True,True,True,True,True,False,False,False,True,True,False,True,True,True,True,True
Alpha068,EURUSD,True,,False,50,0.8371,0.98,75.0,-0.2323,-0.2326,-2.413,7.99,-0.214,0.4681,-0.1984,-0.1945,-2.2884,6.6218,1.283511,-0.026119,0.228768,716,52,5,6,0.83,1.0,1.5,0.5,True,True,True,True,True,True,True,True,True,True,True,True,True,True,True,True
Alpha068,HSTECH,False,train_icir,False,,,0.94,18.0,-0.0281,-0.0225,-0.295,-1.07,-0.0581,-0.08460000000000001,0.0273,0.0301,0.4145,-1.9593,-0.292638,-0.377192,0.280332,220,13,3,6,0.5,0.75,9.0,4.0,True,True,True,True,False,False,False,False,True,True,False,True,True,True,True,True
Alpha068,NVDA,False,train_ic,False,,,0.95,21.0,-0.0151,-0.0206,-0.206,-0.21,-0.0093,-0.19579999999999997,-0.0139,-0.006,-0.0739,-1.1232,-0.1911,-0.207602,0.260536,238,15,2,6,0.33,0.5,5.0,3.0,True,True,False,True,False,False,False,False,True,True,False,False,True,True,True,True
Alpha068,QQQ,False,train_ic,False,,,0.95,21.0,-0.006,-0.0058,-0.049,-0.9,-0.0794,0.011899999999999999,-0.0244,-0.0309,-0.2303,-0.0538,-0.01458,-0.138075,0.270389,247,15,4,6,0.67,0.75,3.0,2.0,True,True,False,False,False,False,True,False,True,True,True,True,True,True,True,True
Alpha068,SPY,True,,False,137,0.198,0.95,21.0,-0.0631,-0.0614,-0.588,0.82,-0.0496,0.026600000000000002,-0.049,-0.0529,-0.4155,0.5306,0.05637,-0.096276,0.269294,246,15,4,6,0.67,1.0,3.0,2.0,True,True,True,True,True,True,True,True,True,True,True,True,True,True,True,True
Alpha068,XAUUSD,False,train_performance,False,,,0.98,75.0,-0.0576,-0.0606,-0.496,-2.22,-0.1194,0.13970000000000002,-0.0515,-0.0473,-0.4846,-2.9334,-0.397356,-0.402119,0.254789,798,52,2,6,0.33,1.0,6.0,2.5,True,True,True,True,True,False,True,False,True,True,False,True,True,True,True,True
Alpha069,000688.SH,False,train_icir,True,,,0.94,14.0,-0.0202,-0.0301,-0.063,-0.72,-0.0521,0.050300000000000004,-0.0815,-0.0754,-0.483,1.4311,0.192973,-0.1032,0.167816,110,11,2,6,0.33,0.75,8.0,3.0,True,True,True,True,False,False,True,True,True,True,False,True,True,True,True,True
Alpha069,AG,False,train_performance,True,,,0.98,40.0,-0.0518,-0.0483,-0.449,-0.28,-0.0585,-0.1081,-0.0375,-0.0458,-0.1127,-0.9609,-0.180405,-0.19901,0.184792,314,29,3,6,0.5,1.0,8.0,4.0,True,True,True,True,True,False,False,False,True,True,False,True,True,True,True,True
Alpha069,AU,True,,True,93,0.4976,0.98,40.0,-0.0866,-0.0855,-0.835,0.79,-0.1043,0.0728,-0.112,-0.1021,-1.124,1.7464,0.208541,-0.053717,0.178014,302,29,5,6,0.83,1.0,6.0,3.0,True,True,True,True,True,True,True,True,True,True,True,True,True,True,True,True
Alpha069,EURUSD,True,,True,44,0.8682,0.99,76.0,-0.2492,-0.2438,-2.546,10.72,-0.2456,0.8269,-0.218,-0.201,-2.0575,9.4984,1.731167,-0.011223,0.158525,496,52,6,6,1.0,1.0,1.5,0.5,True,True,True,True,True,True,True,True,True,True,True,True,True,True,True,True
Alpha069,HSTECH,False,train_ic,True,,,0.95,18.0,0.0191,0.0106,0.349,-0.92,0.0136,-0.1631,-0.0091,-0.0114,0.1626,-3.2307,-0.415066,-0.43746,0.184547,144,13,2,6,0.33,1.0,9.0,4.0,True,True,False,False,True,False,False,False,True,True,False,True,True,True,True,True
Alpha069,NVDA,False,train_icir,True,,,0.95,21.0,-0.0236,-0.0283,-0.017,0.77,-0.0487,-0.0069,-0.0045,-0.0095,0.122,-0.6891,-0.14422,-0.187117,0.192666,176,15,5,6,0.83,0.75,5.0,3.0,True,True,True,True,False,True,False,False,True,True,True,True,True,True,True,True
Alpha069,QQQ,True,,True,128,0.3034,0.95,21.0,-0.0594,-0.0657,-0.523,1.11,-0.0816,0.2248,-0.052,-0.0476,-0.4459,0.7757,0.096054,-0.094228,0.188834,172,15,4,6,0.67,1.0,3.0,2.0,True,True,True,True,True,True,True,True,True,True,True,True,True,True,True,True
Alpha069,SPY,True,,True,135,0.2632,0.95,21.0,-0.0826,-0.0838,-1.019,1.53,-0.0754,0.09050000000000001,-0.0481,-0.0536,-0.3665,0.7583,0.079943,-0.076867,0.189381,173,15,4,6,0.67,1.0,3.0,2.0,True,True,True,True,True,True,True,True,True,True,True,True,True,True,True,True
Alpha069,XAUUSD,False,oos_performance,True,,,0.99,76.0,-0.0833,-0.0824,-0.72,1.83,-0.1077,0.2917,-0.0711,-0.0675,-0.5614,0.4194,0.06079,-0.182264,0.18311,574,52,6,6,1.0,1.0,6.0,2.5,True,True,True,True,True,True,True,False,True,True,True,True,True,True,True,True
Alpha070,000688.SH,False,train_icir,False,,,0.94,14.0,-0.0318,-0.0314,-0.251,-1.38,-0.0255,-0.0383,-0.0546,-0.0424,-0.3851,0.3571,0.037215,-0.098774,0.213027,139,11,1,6,0.17,0.75,8.0,3.0,True,True,True,True,False,False,False,False,True,True,False,True,True,True,True,True
Alpha070,AG,False,train_icir,False,,,0.98,40.0,-0.0319,-0.0305,-0.251,-2.06,-0.064,0.06849999999999999,-0.0389,-0.0365,-0.411,-1.14,-0.205499,-0.311881,0.243737,414,29,1,6,0.17,1.0,8.0,4.0,True,True,True,True,False,False,True,False,True,True,False,True,True,True,True,True
Alpha070,AU,True,,False,94,0.4927,0.98,40.0,-0.0962,-0.091,-0.833,0.54,-0.0914,0.009000000000000001,-0.1315,-0.1071,-1.1809,1.655,0.221409,-0.060338,0.207486,352,29,5,6,0.83,1.0,6.0,3.0,True,True,True,True,True,True,True,True,True,True,True,True,True,True,True,True
Alpha070,EURUSD,True,,False,46,0.8603,0.99,76.0,-0.298,-0.2763,-2.949,11.57,-0.2775,0.7624,-0.3046,-0.2829,-2.1476,11.9515,3.228278,-0.012808,0.158365,496,52,6,6,1.0,1.0,1.5,0.5,True,True,True,True,True,True,True,True,True,True,True,True,True,True,True,True
Alpha070,HSTECH,False,train_performance,False,,,0.95,18.0,0.0314,0.0273,0.418,-1.6,-0.0519,-0.25780000000000003,0.0193,0.0374,0.3361,-1.6936,-0.254687,-0.283031,0.261814,205,13,2,6,0.33,1.0,9.0,4.0,True,True,True,True,True,False,False,False,True,True,False,True,True,True,True,True
Alpha070,NVDA,False,train_icir,False,,,0.95,21.0,-0.0257,-0.0214,-0.295,0.32,-0.034,-0.040999999999999995,0.0033,-0.0015,0.1776,-1.0764,-0.196572,-0.229692,0.273673,250,15,3,6,0.5,1.0,5.0,3.0,True,True,True,True,False,False,False,False,True,True,False,True,True,True,True,True
Alpha070,QQQ,False,train_ic,False,,,0.95,21.0,-0.0183,0.0036,-0.087,0.04,0.0085,-0.0917,-0.0469,-0.0557,-0.3733,1.6868,0.235849,-0.090643,0.224959,206,15,3,6,0.5,0.75,3.0,2.0,True,True,False,False,False,False,False,True,True,True,False,True,True,True,True,True
Alpha070,SPY,False,train_icir,False,,,0.95,21.0,-0.0391,-0.037,-0.25,0.23,-0.0038,-0.0753,-0.0787,-0.0705,-0.7681,0.999,0.115131,-0.104236,0.218391,200,15,2,6,0.33,0.75,3.0,2.0,True,True,True,True,False,False,False,True,True,True,False,True,True,True,True,True
Alpha070,XAUUSD,False,train_performance,False,,,0.99,76.0,-0.0919,-0.0817,-0.784,-0.35,-0.0917,0.0484,-0.0673,-0.0516,-0.5542,-1.9211,-0.286995,-0.311782,0.226054,708,52,3,6,0.5,1.0,6.0,2.5,True,True,True,True,True,False,True,False,True,True,False,True,True,True,True,True
Alpha071,000688.SH,False,train_performance,False,,,0.93,14.0,-0.061,-0.0526,-0.636,-0.57,-0.0687,0.0601,-0.0587,-0.0477,-1.1028,0.7675,0.10085,-0.113625,0.191571,125,11,3,6,0.5,0.75,8.0,3.0,True,True,True,True,True,False,True,True,True,True,False,True,True,True,True,True
Alpha071,AG,False,train_performance,False,,,0.97,40.0,-0.0316,-0.0295,-0.394,-2.61,-0.0137,-0.20679999999999998,-0.035,-0.0356,-0.3404,-1.6394,-0.269883,-0.31936,0.20277,344,29,0,6,0.0,1.0,8.0,4.0,True,True,True,True,True,False,False,False,True,True,False,True,True,True,True,True
Alpha071,AU,False,train_performance,False,,,0.97,40.0,-0.1042,-0.0919,-0.955,0.29,-0.1124,0.0395,-0.1006,-0.0854,-1.0756,0.0719,0.002745,-0.095047,0.171824,292,29,4,6,0.67,1.0,6.0,3.0,True,True,True,True,True,False,True,False,True,True,True,True,True,True,True,True
Alpha071,EURUSD,True,,False,43,0.8687,0.97,75.0,-0.2298,-0.2016,-2.257,4.55,-0.261,0.5609000000000001,-0.2452,-0.2148,-1.9361,7.6698,1.257614,-0.023056,0.121807,382,52,6,6,1.0,1.0,1.5,0.5,True,True,True,True,True,True,True,True,True,True,True,True,True,True,True,True
Alpha071,HSTECH,False,train_performance,False,,,0.94,18.0,-0.0648,-0.0583,-0.581,0.45,-0.0359,-0.0861,0.0211,0.0252,0.2492,-4.105,-0.482258,-0.497408,0.207535,162,13,2,6,0.33,1.0,9.0,4.0,True,True,True,True,True,False,False,False,True,True,False,True,True,True,True,True
Alpha071,NVDA,False,train_performance,False,,,0.95,21.0,-0.0316,-0.0288,-0.405,-0.12,-0.0466,0.1072,-0.029,-0.0317,-0.2799,-0.8918,-0.152329,-0.233242,0.203612,186,15,3,6,0.5,0.5,5.0,3.0,True,True,True,True,True,False,True,False,True,True,False,False,True,True,True,True
Alpha071,QQQ,False,train_performance,False,,,0.95,21.0,-0.0588,-0.0458,-0.698,-0.18,0.0026,-0.1191,-0.0422,-0.0241,-0.4321,-0.361,-0.052013,-0.114699,0.209633,192,15,2,6,0.33,1.0,3.0,2.0,True,True,True,True,True,False,False,False,True,True,False,True,True,True,True,True
Alpha071,SPY,False,train_performance,False,,,0.95,21.0,-0.0418,-0.0282,-0.57,-0.26,-0.0198,-0.016,-0.0798,-0.0787,-0.8384,1.6686,0.204393,-0.0627,0.20197,184,15,3,6,0.5,0.75,3.0,2.0,True,True,True,True,True,False,False,True,True,True,False,True,True,True,True,True
Alpha071,XAUUSD,False,oos_performance,False,,,0.98,76.0,-0.0985,-0.0848,-0.928,0.69,-0.1215,0.201,-0.0897,-0.0773,-0.9451,-0.2224,-0.054355,-0.194244,0.178161,558,52,4,6,0.67,1.0,6.0,2.5,True,True,True,True,True,True,True,False,True,True,True,True,True,True,True,True
Alpha072,000688.SH,False,train_ic,False,,,0.85,13.0,0.0004,0.0233,0.339,0.0,0.032,0.0,0.0,-0.003,-0.6141,0.0,0.0,0.0,0.0,0,10,0,6,0.0,0.5,8.0,3.0,True,True,False,True,True,False,False,False,True,True,False,False,True,True,True,True
Alpha072,AG,False,train_ic,False,,,0.89,37.0,-0.0021,-0.0077,-0.038,0.0,-0.0465,0.0,-0.0255,-0.0419,-0.6086,0.0,0.0,0.0,0.0,0,26,0,6,0.0,0.75,8.0,4.0,True,True,False,False,False,False,False,False,True,True,False,True,True,True,True,True
Alpha072,AU,False,train_ic,False,,,0.84,35.0,-0.0007,0.01,0.035,0.0,-0.0201,0.0,-0.0045,-0.0151,0.035,0.0,0.0,0.0,0.0,0,24,0,6,0.0,0.5,6.0,3.0,True,True,False,False,False,False,False,False,True,True,False,False,True,True,True,True
Alpha072,EURUSD,False,factor_computable,False,,,0.63,49.0,0.0213,0.0076,0.126,0.0,0.0307,0.0,0.0066,-0.0345,-0.0947,0.0,0.0,0.0,0.0,0,34,0,6,0.0,1.0,1.5,0.5,True,False,True,False,False,False,False,False,True,True,False,True,True,True,True,True
Alpha072,HSTECH,False,train_icir,False,,,0.87,17.0,0.026,0.0409,0.278,0.0,-0.0603,0.0,0.0035,0.0112,0.1549,0.0,0.0,0.0,0.0,0,12,0,6,0.0,0.5,9.0,4.0,True,True,True,True,False,False,False,False,True,True,False,False,True,True,True,True
Alpha072,NVDA,False,train_ic,False,,,0.88,19.0,-0.0156,0.0066,-0.188,0.65,-0.0261,0.0,0.0483,0.0147,0.214,0.0,0.0,0.0,0.0,0,14,0,6,0.0,0.75,5.0,3.0,True,True,False,False,False,True,False,False,True,True,False,True,True,True,True,True
Alpha072,QQQ,False,train_ic,False,,,0.86,19.0,0.0148,0.026,0.255,0.0,0.0442,0.0,-0.0043,-0.0544,-0.0402,0.0,0.0,0.0,0.0,0,14,0,6,0.0,0.75,3.0,2.0,True,True,False,True,False,False,False,False,True,True,False,True,True,True,True,True
Alpha072,SPY,False,train_rank_ic,False,,,0.86,19.0,0.0302,0.0051,0.347,0.0,-0.0496,0.0,0.0043,0.0059,-0.0286,0.0,0.0,0.0,0.0,0,14,0,6,0.0,1.0,3.0,2.0,True,True,True,False,True,False,False,False,True,True,False,True,True,True,True,True
Alpha072,XAUUSD,False,train_ic,False,,,0.86,66.0,0.0103,0.0148,-0.019,0.0,0.0066,0.5036999999999999,0.0047,-0.0064,0.0481,1.2949,0.107869,-0.029099,0.000479,2,46,2,6,0.33,0.75,6.0,2.5,True,True,False,False,False,False,False,False,True,True,False,True,True,True,True,True
Alpha073,000688.SH,False,train_rank_ic,False,,,0.94,14.0,0.0212,0.0165,0.354,-1.1,-0.0401,-0.1697,-0.008,-0.0125,0.007,-1.1695,-0.16171,-0.216114,0.262835,172,11,1,6,0.17,0.5,8.0,3.0,True,True,True,False,True,False,False,False,True,True,False,False,True,True,True,True
Alpha073,AG,False,train_ic,False,,,0.98,40.0,-0.002,0.0006,0.117,-3.43,0.0375,-0.4129,0.0203,0.0147,0.3849,-4.1798,-0.555217,-0.561807,0.256705,436,29,0,6,0.0,0.75,8.0,4.0,True,True,False,False,False,False,False,False,False,True,False,True,True,True,True,True
Alpha073,AU,False,train_performance,False,,,0.98,40.0,0.0743,0.0739,0.995,0.17,0.0623,-0.0735,0.0756,0.0828,0.6972,0.3811,0.042879,-0.085185,0.236074,400,29,3,6,0.5,1.0,6.0,3.0,True,True,True,True,True,False,False,False,True,True,False,True,True,True,True,True
Alpha073,EURUSD,True,,False,40,0.8975,0.99,76.0,0.1846,0.1889,2.217,10.34,0.1885,0.9898,0.1913,0.2012,2.4397,11.1588,2.513865,-0.02241,0.188538,590,52,6,6,1.0,1.0,1.5,0.5,True,True,True,True,True,True,True,True,True,True,True,True,True,True,True,True
Alpha073,HSTECH,False,train_performance,False,,,0.95,18.0,0.0223,0.0232,0.529,-0.7,-0.0009,-0.16879999999999998,0.0329,0.0321,0.48,-1.2659,-0.212827,-0.251812,0.261175,204,13,3,6,0.5,0.75,9.0,4.0,True,True,True,True,True,False,False,False,True,True,False,True,True,True,True,True
Alpha073,NVDA,False,train_ic,False,,,0.95,21.0,-0.0119,-0.0111,0.075,-0.8,0.0047,-0.15109999999999998,0.0065,0.0084,0.1893,-1.8131,-0.285468,-0.312244,0.272031,248,15,1,6,0.17,0.5,5.0,3.0,True,True,False,False,False,False,False,False,True,True,False,False,True,True,True,True
Alpha073,QQQ,False,train_ic,False,,,0.95,21.0,-0.0178,-0.0152,-0.18,-0.74,0.0061,-0.087,0.032,0.0248,0.677,-2.4974,-0.284959,-0.31375,0.260536,238,15,0,6,0.0,0.75,3.0,2.0,True,True,False,False,False,False,False,False,True,True,False,True,True,True,True,True
Alpha073,SPY,False,train_ic,False,,,0.95,21.0,-0.0076,-0.0119,0.05,-1.29,0.0013,-0.052199999999999996,0.0392,0.0406,0.4807,-3.8332,-0.324167,-0.327889,0.256705,234,15,0,6,0.0,0.75,3.0,2.0,True,True,False,False,False,False,False,False,True,True,False,True,True,True,True,True
Alpha073,XAUUSD,False,train_performance,False,,,0.99,76.0,0.0484,0.0439,0.633,-1.59,0.0615,0.025699999999999997,0.0506,0.0458,0.7225,-1.1481,-0.198554,-0.282721,0.254151,796,52,3,6,0.5,1.0,6.0,2.5,True,True,True,True,True,False,True,False,True,True,False,True,True,True,True,True
Alpha074,000688.SH,False,train_ic,False,,,0.9,13.0,0.0123,0.0101,0.04,-1.84,0.0154,-0.12869999999999998,0.0206,0.0243,0.2694,-2.2801,-0.256155,-0.29131,0.138697,90,11,0,6,0.0,0.25,8.0,3.0,True,True,False,False,False,False,False,False,True,True,False,False,True,True,True,True
Alpha074,AG,False,train_ic,False,,,0.96,39.0,-0.0031,-0.0058,-0.083,-1.29,0.005,-0.2458,-0.0196,-0.0234,-0.1447,-1.1608,-0.20929,-0.337132,0.120837,205,29,3,6,0.5,0.5,8.0,4.0,True,True,False,False,False,False,False,False,True,True,False,False,True,True,True,True
Alpha074,AU,False,train_ic,False,,,0.96,39.0,0.0144,0.014,0.177,-1.15,-0.0289,-0.2168,-0.0305,-0.0351,-0.1696,-2.8361,-0.328695,-0.367456,0.142352,242,29,2,6,0.33,0.75,6.0,3.0,True,True,False,False,False,False,False,False,True,True,False,True,True,True,True,True
Alpha074,EURUSD,False,train_ic,False,,,0.97,75.0,0.0063,0.0121,0.116,0.04,0.0247,0.2096,0.001,-0.0038,-0.0147,-0.2878,-0.042787,-0.148377,0.091156,286,52,3,6,0.5,0.75,1.5,0.5,True,True,False,False,False,False,True,False,True,True,False,True,True,True,True,True
Alpha074,HSTECH,False,train_icir,False,,,0.92,17.0,0.0234,0.0223,0.158,0.18,-0.071,-0.3209,-0.0123,-0.0096,-0.0275,-1.0821,-0.171582,-0.223258,0.128991,101,13,3,6,0.5,0.75,9.0,4.0,True,True,True,True,False,False,False,False,True,True,False,True,True,True,True,True
Alpha074,NVDA,False,train_ic,False,,,0.93,20.0,0.0171,0.0232,0.178,-0.69,-0.0545,-0.1355,0.035,0.0314,0.2963,0.2678,0.033687,-0.172308,0.127531,116,15,1,6,0.17,0.5,5.0,3.0,True,True,False,True,False,False,False,False,True,True,False,False,True,True,True,True
Alpha074,QQQ,False,train_ic,False,,,0.93,20.0,-0.0058,-0.0126,-0.178,-0.56,0.0076,-0.19010000000000002,-0.0585,-0.0535,-0.7456,0.3723,0.045002,-0.089902,0.129174,118,15,3,6,0.5,0.5,3.0,2.0,True,True,False,False,False,False,False,False,True,True,False,False,True,True,True,True
Alpha074,SPY,False,train_ic,False,,,0.93,20.0,-0.018,-0.0164,-0.142,-0.65,-0.0317,0.037200000000000004,0.0339,0.036,0.2956,-1.6967,-0.18454,-0.24552,0.133552,122,15,1,6,0.17,0.5,3.0,2.0,True,True,False,False,False,False,True,False,True,True,False,False,True,True,True,True
Alpha074,XAUUSD,False,train_ic,False,,,0.98,75.0,0.0071,0.0084,0.047,-3.27,-0.004,-0.1863,-0.0226,-0.02,-0.2471,-3.9489,-0.529084,-0.543624,0.139847,438,52,1,6,0.17,0.75,6.0,2.5,True,True,False,False,False,False,False,False,False,True,False,True,True,True,True,True
Alpha075,000688.SH,False,train_performance,False,,,0.9,13.0,0.0462,0.042,0.456,-0.6,0.0018,-0.243,0.0279,0.0258,0.2614,-2.0733,-0.237412,-0.261087,0.262835,172,11,1,6,0.17,1.0,8.0,3.0,True,True,True,True,True,False,False,False,True,True,False,True,True,True,True,True
Alpha075,AG,False,train_ic,False,,,0.96,39.0,-0.0086,-0.012,-0.096,-2.31,-0.0089,-0.2708,0.0006,-0.0033,-0.056,-2.2089,-0.379974,-0.408696,0.241674,410,29,0,6,0.0,0.75,8.0,4.0,True,True,False,False,False,False,False,False,True,True,False,True,True,True,True,True
Alpha075,AU,False,train_ic,False,,,0.96,39.0,-0.0069,-0.0034,-0.015,-2.91,0.039,-0.3245,-0.0406,-0.0403,-0.2479,-2.9583,-0.330397,-0.338732,0.256705,436,29,0,6,0.0,0.5,6.0,3.0,True,True,False,False,False,False,False,False,True,True,False,False,True,True,True,True
Alpha075,EURUSD,False,train_icir,False,,,0.97,75.0,-0.0325,-0.0321,-0.27,-0.26,0.0032,-0.039,-0.0023,-0.001,-0.0126,-0.9445,-0.115679,-0.17711,0.188378,590,52,3,6,0.5,1.0,1.5,0.5,True,True,True,True,False,False,False,False,True,True,False,True,True,True,True,True
Alpha075,HSTECH,False,train_icir,False,,,0.92,17.0,0.0348,0.0336,0.098,-0.38,-0.032,-0.2107,0.0211,0.0167,0.3657,-0.7049,-0.117649,-0.261774,0.257344,202,13,3,6,0.5,0.75,9.0,4.0,True,True,True,True,False,False,False,False,True,True,False,True,True,True,True,True
Alpha075,NVDA,False,train_ic,False,,,0.93,20.0,0.0054,0.0056,0.061,-0.84,-0.0365,-0.0509,-0.0098,-0.0185,-0.1752,-2.0677,-0.299145,-0.345798,0.244116,223,15,3,6,0.5,0.5,5.0,3.0,True,True,False,False,False,False,False,False,True,True,False,False,True,True,True,True
Alpha075,QQQ,False,train_ic,False,,,0.93,20.0,0.0025,0.0086,0.061,-0.96,-0.013,-0.0172,-0.0041,-0.0079,-0.0484,-1.5555,-0.17256,-0.20289,0.241379,220,15,2,6,0.33,0.5,3.0,2.0,True,True,False,False,False,False,False,False,True,True,False,False,True,True,True,True
Alpha075,SPY,False,train_ic,False,,,0.93,20.0,-0.016,-0.0036,-0.228,-0.86,-0.0248,-0.0286,-0.0685,-0.0691,-0.7077,1.2435,0.142563,-0.098407,0.243021,222,15,5,6,0.83,0.75,3.0,2.0,True,True,False,False,False,False,False,True,True,True,True,True,True,True,True,True
Alpha075,XAUUSD,False,train_ic,False,,,0.98,75.0,0.0075,0.0088,0.062,-4.96,0.0199,-0.21660000000000001,-0.0021,-0.0021,-0.0253,-5.1472,-0.60019,-0.610445,0.247765,776,52,0,6,0.0,0.75,6.0,2.5,True,True,False,False,False,False,False,False,False,True,False,True,True,True,True,True
Alpha076,000688.SH,False,train_ic,False,,,0.94,14.0,-0.0096,-0.0153,0.009,-0.55,-0.04,-0.0016,-0.0561,-0.0519,-0.4018,-0.9486,-0.135646,-0.190112,0.141762,92,11,2,6,0.33,0.75,8.0,3.0,True,True,False,False,False,False,False,False,True,True,False,True,True,True,True,True
Alpha076,AG,False,train_rank_ic,False,,,0.98,40.0,-0.0229,-0.0176,-0.103,-0.54,-0.0492,0.022000000000000002,-0.0259,-0.0304,-0.123,-1.0863,-0.201625,-0.316494,0.125553,213,29,3,6,0.5,0.75,8.0,4.0,True,True,True,False,False,False,True,False,True,True,False,True,True,True,True,True
Alpha076,AU,False,train_performance,False,,,0.98,40.0,-0.056,-0.0477,-0.311,-0.33,-0.1193,0.102,-0.0364,-0.0317,-0.213,-1.407,-0.172607,-0.206618,0.135868,230,29,2,6,0.33,1.0,6.0,3.0,True,True,True,True,True,False,True,False,True,True,False,True,True,True,True,True
Alpha076,EURUSD,True,,False,55,0.7693,0.99,76.0,-0.1814,-0.1655,-1.067,5.83,-0.2148,0.7515999999999999,-0.1838,-0.1609,-1.1031,5.4819,1.119175,-0.064626,0.122286,383,52,6,6,1.0,1.0,1.5,0.5,True,True,True,True,True,True,True,True,True,True,True,True,True,True,True,True
Alpha076,HSTECH,False,train_ic,False,,,0.95,18.0,-0.0109,-0.0127,0.078,-0.7,0.0603,-0.12619999999999998,-0.0359,-0.0352,-0.1763,1.5974,0.323187,-0.125696,0.123244,96,13,1,6,0.17,0.75,9.0,4.0,True,True,False,False,False,False,False,True,True,True,False,True,True,True,True,True
Alpha076,NVDA,False,train_icir,False,,,0.95,21.0,-0.0308,-0.026,-0.062,0.03,0.006,-0.11410000000000001,-0.0233,-0.0211,-0.0745,0.256,0.032295,-0.169173,0.141762,130,15,3,6,0.5,1.0,5.0,3.0,True,True,True,True,False,False,False,False,True,True,False,True,True,True,True,True
Alpha076,QQQ,False,stability,False,,,0.95,21.0,-0.0467,-0.0405,-0.348,1.07,-0.0517,0.1495,-0.0374,-0.0345,-0.3251,0.858,0.112175,-0.15306,0.128626,118,15,5,6,0.83,0.5,3.0,2.0,True,True,True,True,True,True,True,True,True,True,True,False,True,True,True,True
Alpha076,SPY,False,oos_performance,False,,,0.95,21.0,-0.076,-0.0733,-0.742,1.81,-0.0828,0.1524,-0.044,-0.0379,-0.2236,0.0742,0.001639,-0.171407,0.130268,119,15,4,6,0.67,1.0,3.0,2.0,True,True,True,True,True,True,True,False,True,True,True,True,True,True,True,True
Alpha076,XAUUSD,False,walk_forward,False,,,0.99,76.0,-0.0681,-0.0548,-0.477,0.96,-0.0754,0.1656,-0.0853,-0.0746,-0.6143,1.8293,0.402597,-0.104162,0.128033,401,52,2,6,0.33,1.0,6.0,2.5,True,True,True,True,True,True,True,True,True,True,False,True,True,True,True,True
Alpha077,000688.SH,False,train_ic,False,,,0.94,14.0,-0.0035,-0.0082,0.201,-0.97,-0.0481,0.0033,-0.0394,-0.0392,-0.2425,-0.9108,-0.127644,-0.172912,0.171648,112,11,3,6,0.5,0.25,8.0,3.0,True,True,False,False,False,False,True,False,True,True,False,False,True,True,True,True
Alpha077,AG,False,train_icir,False,,,0.98,40.0,-0.0279,-0.0272,-0.064,-1.12,-0.008,-0.24960000000000002,-0.0376,-0.0408,-0.1545,-1.0898,-0.203737,-0.302974,0.168877,286,29,1,6,0.17,0.75,8.0,4.0,True,True,True,True,False,False,False,False,True,True,False,True,True,True,True,True
Alpha077,AU,False,train_performance,False,,,0.98,40.0,-0.0608,-0.0606,-0.47,-0.94,-0.0441,-0.0701,-0.0634,-0.0533,-0.4643,-0.8861,-0.109057,-0.179906,0.167993,285,29,2,6,0.33,1.0,6.0,3.0,True,True,True,True,True,False,False,False,True,True,False,True,True,True,True,True
Alpha077,EURUSD,True,,False,64,0.6527,0.99,76.0,-0.1515,-0.1567,-1.34,4.8,-0.1441,0.3017,-0.1342,-0.1389,-1.104,4.091,0.547326,-0.033673,0.154693,484,52,6,6,1.0,1.0,1.5,0.5,True,True,True,True,True,True,True,True,True,True,True,True,True,True,True,True
Alpha077,HSTECH,False,train_ic,False,,,0.95,18.0,0.0112,0.0134,0.41,-1.01,0.0028,-0.1105,-0.0206,-0.0096,0.1169,-2.5256,-0.352994,-0.36123,0.168582,132,13,4,6,0.67,0.75,9.0,4.0,True,True,False,False,True,False,False,False,True,True,True,True,True,True,True,True
Alpha077,NVDA,False,train_ic,False,,,0.95,21.0,-0.0119,-0.0184,0.069,-0.69,-0.0114,0.0635,-0.007,-0.0054,0.0301,-0.5041,-0.108858,-0.18845,0.175698,160,15,4,6,0.67,0.25,5.0,3.0,True,True,False,False,False,False,True,False,True,True,True,False,True,True,True,True
Alpha077,QQQ,False,train_ic,False,,,0.95,21.0,-0.0078,-0.0049,0.067,-0.6,-0.0129,0.0661,-0.0146,-0.0213,0.1047,-0.6579,-0.087945,-0.150334,0.15052,138,15,2,6,0.33,0.5,3.0,2.0,True,True,False,False,False,False,True,False,True,True,False,False,True,True,True,True
Alpha077,SPY,False,train_icir,False,,,0.95,21.0,-0.037,-0.0337,-0.201,-0.05,-0.005,-0.016,-0.013,-0.0033,-0.0182,-0.1268,-0.023217,-0.124005,0.170224,156,15,1,6,0.17,0.75,3.0,2.0,True,True,True,True,False,False,False,False,True,True,False,True,True,True,True,True
Alpha077,XAUUSD,False,train_performance,False,,,0.99,76.0,-0.0489,-0.0536,-0.37,-0.86,-0.0427,0.0137,-0.0459,-0.0476,-0.3206,-0.5289,-0.107012,-0.242299,0.161239,505,52,3,6,0.5,1.0,6.0,2.5,True,True,True,True,True,False,True,False,True,True,False,True,True,True,True,True
Alpha078,000688.SH,False,train_ic,False,,,0.9,13.0,-0.0193,-0.0215,-0.234,-0.76,0.0414,-0.10949999999999999,-0.0095,0.0061,-0.0705,-0.2562,-0.0346,-0.205906,0.128736,84,11,1,6,0.17,0.75,8.0,3.0,True,True,False,True,False,False,False,False,True,True,False,True,True,True,True,True
Alpha078,AG,False,train_ic,False,,,0.96,39.0,-0.0025,-0.0063,-0.001,-0.37,-0.0217,-0.17129999999999998,-0.0124,-0.0102,-0.2828,-1.2113,-0.227331,-0.233672,0.121426,206,29,2,6,0.33,0.5,8.0,4.0,True,True,False,False,False,False,False,False,True,True,False,False,True,True,True,True
Alpha078,AU,False,train_ic,False,,,0.96,39.0,0.0088,0.0177,0.108,-1.62,-0.0029,-0.1167,-0.0081,-0.0039,0.0303,-1.7292,-0.214703,-0.233687,0.147362,250,29,2,6,0.33,0.75,6.0,3.0,True,True,False,False,False,False,False,False,True,True,False,True,True,True,True,True
Alpha078,EURUSD,False,train_ic,False,,,0.98,75.0,-0.014,-0.0097,-0.084,-0.49,-0.0036,-0.075,-0.0161,-0.0085,-0.0941,-0.5182,-0.070526,-0.150616,0.164911,516,52,4,6,0.67,0.75,1.5,0.5,True,True,False,False,False,False,False,False,True,True,True,True,True,True,True,True
Alpha078,HSTECH,False,train_icir,False,,,0.92,17.0,0.0298,0.0334,0.112,0.48,-0.042,-0.14529999999999998,0.0161,0.0226,0.2646,-0.6943,-0.129132,-0.253967,0.127075,100,13,3,6,0.5,0.5,9.0,4.0,True,True,True,True,False,False,False,False,True,True,False,False,True,True,True,True
Alpha078,NVDA,False,train_ic,False,,,0.93,20.0,-0.017,-0.0204,-0.275,-0.14,-0.0407,0.086,0.0053,0.0142,-0.02,-0.2018,-0.06245,-0.186644,0.084291,77,15,4,6,0.67,0.5,5.0,3.0,True,True,False,True,False,False,True,False,True,True,True,False,True,True,True,True
Alpha078,QQQ,False,train_ic,False,,,0.92,20.0,0.0132,0.0105,-0.046,-0.29,0.0191,0.2477,0.0002,-0.0069,0.0554,0.5802,0.071265,-0.094051,0.120416,110,15,2,6,0.33,0.5,3.0,2.0,True,True,False,False,False,False,True,False,True,True,False,False,True,True,True,True
Alpha078,SPY,False,train_ic,False,,,0.93,20.0,0.0019,0.0169,0.041,0.1,0.0372,-0.0524,0.0089,0.0027,0.1259,0.4585,0.049722,-0.142057,0.100712,92,15,2,6,0.33,0.5,3.0,2.0,True,True,False,False,False,False,False,False,True,True,False,False,True,True,True,True
Alpha078,XAUUSD,False,train_ic,False,,,0.98,75.0,0.0055,0.0073,0.012,-1.81,-0.0152,-0.317,-0.0222,-0.0222,-0.2419,-4.3186,-0.563128,-0.584363,0.153097,480,52,2,6,0.33,0.5,6.0,2.5,True,True,False,False,False,False,False,False,False,True,False,False,True,True,True,True
Alpha079,000688.SH,False,train_performance,False,,,0.92,14.0,-0.037,-0.0332,-0.301,-1.04,0.0088,-0.20559999999999998,-0.0401,-0.0369,-0.4334,-0.7249,-0.081309,-0.129295,0.168582,110,11,1,6,0.17,0.75,8.0,3.0,True,True,True,True,True,False,False,False,True,True,False,True,True,True,True,True
Alpha079,AG,False,train_ic,False,,,0.97,40.0,-0.0092,-0.0098,-0.006,-1.21,-0.0351,-0.027200000000000002,-0.0153,-0.0119,-0.2124,-3.0924,-0.468497,-0.504632,0.234601,398,29,1,6,0.17,0.5,8.0,4.0,True,True,False,False,False,False,False,False,False,True,False,False,True,True,True,True
Alpha079,AU,False,train_performance,False,,,0.97,40.0,-0.0906,-0.0868,-0.854,0.11,-0.0848,-0.0791,-0.1005,-0.0952,-0.746,0.0291,-0.005578,-0.13194,0.150899,256,28,5,6,0.83,1.0,6.0,3.0,True,True,True,True,True,False,False,False,True,True,True,True,True,True,True,True
Alpha079,EURUSD,False,walk_forward,False,,,0.95,73.0,-0.2379,-0.2388,-1.986,1.46,-0.2309,0.10189999999999999,-0.2504,-0.2509,-1.7686,3.6803,0.63979,-0.023374,0.019157,60,51,2,6,0.33,1.0,1.5,0.5,True,True,True,True,True,True,True,True,True,True,False,True,True,True,True,True
Alpha079,HSTECH,False,train_performance,False,,,0.94,17.0,-0.043,-0.0394,-0.399,-0.99,-0.0283,-0.0857,0.0061,0.0115,0.1496,-2.0572,-0.273141,-0.282262,0.212005,166,13,3,6,0.5,1.0,9.0,4.0,True,True,True,True,True,False,False,False,True,True,False,True,True,True,True,True
Alpha079,NVDA,False,train_ic,False,,,0.95,21.0,-0.0018,-0.0028,0.097,-1.59,-0.047,0.08689999999999999,-0.0228,-0.0284,-0.2429,-1.1945,-0.206681,-0.225677,0.244663,224,15,2,6,0.33,0.5,5.0,3.0,True,True,False,False,False,False,True,False,True,True,False,False,True,True,True,True
Alpha079,QQQ,False,validation_performance,False,,,0.94,21.0,-0.0474,-0.0478,-0.444,0.96,-0.0237,-0.03,0.0175,0.0107,0.1593,-0.8014,-0.114631,-0.176879,0.205255,188,15,5,6,0.83,0.75,3.0,2.0,True,True,True,True,True,True,False,False,True,True,True,True,True,True,True,True
Alpha079,SPY,False,train_performance,False,,,0.95,21.0,-0.0422,-0.0389,-0.442,0.17,-0.0188,-0.0256,-0.0392,-0.0345,-0.5363,0.2026,0.016786,-0.103942,0.241927,221,15,1,6,0.17,1.0,3.0,2.0,True,True,True,True,True,False,False,False,True,True,False,True,True,True,True,True
Alpha079,XAUUSD,False,train_performance,False,,,0.98,76.0,-0.0592,-0.0573,-0.512,-1.02,-0.0669,-0.15380000000000002,-0.0502,-0.0489,-0.478,-1.2044,-0.1992,-0.225799,0.146073,458,52,3,6,0.5,1.0,6.0,2.5,True,True,True,True,True,False,False,False,True,True,False,True,True,True,True,True
Alpha080,000688.SH,False,train_ic,False,,,0.94,14.0,0.0017,0.0094,0.056,-3.72,-0.0437,-0.22519999999999998,-0.0367,-0.0278,-0.3143,-4.7926,-0.431342,-0.434228,0.281992,184,11,0,6,0.0,0.75,8.0,3.0,True,True,False,False,False,False,False,False,True,True,False,True,True,True,True,True
Alpha080,AG,False,train_ic,False,,,0.98,40.0,-0.019,-0.0121,-0.15,-3.72,-0.0577,-0.1417,-0.0385,-0.0328,-0.1944,-1.6465,-0.279106,-0.284162,0.300324,510,29,1,6,0.17,0.75,8.0,4.0,True,True,False,False,False,False,False,False,True,True,False,True,True,True,True,True
Alpha080,AU,False,train_performance,False,,,0.98,40.0,-0.0829,-0.0717,-0.798,-0.8,-0.1056,0.0557,-0.101,-0.0964,-0.9915,0.253,0.024654,-0.103805,0.285293,484,29,3,6,0.5,1.0,6.0,3.0,True,True,True,True,True,False,True,False,True,True,False,True,True,True,True,True
Alpha080,EURUSD,True,,False,41,0.8899,0.99,76.0,-0.2418,-0.2175,-2.877,13.11,-0.2366,0.773,-0.2468,-0.222,-2.4941,14.1659,2.237005,-0.007254,0.25016,784,52,6,6,1.0,1.0,1.5,0.5,True,True,True,True,True,True,True,True,True,True,True,True,True,True,True,True
Alpha080,HSTECH,False,train_ic,False,,,0.95,18.0,0.0019,-0.0028,0.005,-2.15,-0.054,-0.2703,-0.0007,0.0062,0.0945,-2.4285,-0.339395,-0.351925,0.305236,239,13,1,6,0.17,0.75,9.0,4.0,True,True,False,False,False,False,False,False,True,True,False,True,True,True,True,True
Alpha080,NVDA,False,train_ic,False,,,0.95,21.0,0.0145,0.0147,0.2,-0.8,-0.0133,-0.172,-0.0174,-0.0197,-0.0719,-1.3101,-0.221477,-0.268694,0.307061,280,15,2,6,0.33,0.5,5.0,3.0,True,True,False,False,False,False,False,False,True,True,False,False,True,True,True,True
Alpha080,QQQ,False,oos_performance,False,,,0.95,21.0,-0.0585,-0.054,-0.607,0.98,-0.0608,0.0483,-0.0365,-0.0324,-0.4031,-0.0451,-0.013612,-0.162116,0.294472,269,15,2,6,0.33,1.0,3.0,2.0,True,True,True,True,True,True,True,False,True,True,False,True,True,True,True,True
Alpha080,SPY,False,validation_performance,False,,,0.95,21.0,-0.0881,-0.0773,-1.046,2.02,-0.0124,-0.0338,-0.0439,-0.0498,-0.4447,0.8954,0.096459,-0.077345,0.298851,273,15,2,6,0.33,1.0,3.0,2.0,True,True,True,True,True,True,False,True,True,True,False,True,True,True,True,True
Alpha080,XAUUSD,False,train_performance,False,,,0.99,76.0,-0.074,-0.0696,-0.699,-0.97,-0.0885,-0.0109,-0.0636,-0.0546,-0.6573,-1.9643,-0.308665,-0.354245,0.294381,922,52,4,6,0.67,1.0,6.0,2.5,True,True,True,True,True,False,False,False,True,True,True,True,True,True,True,True
Alpha081,000688.SH,False,train_ic,False,,,0.86,12.0,0.0053,0.0039,0.049,-1.5,-0.0617,-0.08410000000000001,-0.0109,-0.0066,-0.1042,-0.4307,-0.05232,-0.104573,0.124904,82,11,1,6,0.17,0.67,8.0,3.0,True,True,False,False,False,False,False,False,True,True,False,False,True,True,True,True
Alpha081,AG,False,train_ic,False,,,0.95,38.0,-0.0092,-0.0096,-0.144,-2.06,-0.007,-0.0011,-0.0191,-0.0245,-0.1524,-2.356,-0.361488,-0.375137,0.164162,278,28,4,6,0.67,0.75,8.0,4.0,True,True,False,False,False,False,False,False,True,True,True,True,True,True,True,True
Alpha081,AU,False,train_ic,False,,,0.95,38.0,-0.0008,-0.002,-0.05,-2.51,0.0144,-0.2205,0.0081,0.0088,0.076,-2.7714,-0.34369,-0.353463,0.178898,304,28,1,6,0.17,0.5,6.0,3.0,True,True,False,False,False,False,False,False,True,True,False,False,True,True,True,True
Alpha081,EURUSD,False,train_ic,False,,,0.97,74.0,-0.0121,-0.0092,-0.101,-1.38,0.0202,-0.1186,-0.0053,-0.0034,-0.0562,-0.3402,-0.04658,-0.104732,0.204342,640,52,0,6,0.0,0.75,1.5,0.5,True,True,False,False,False,False,False,False,True,True,False,True,True,True,True,True
Alpha081,HSTECH,False,train_ic,False,,,0.89,15.0,-0.0059,-0.0077,-0.2,-1.05,-0.03,-0.1054,-0.0,0.0004,0.1955,-1.796,-0.251395,-0.310559,0.16539,130,13,3,6,0.5,0.25,9.0,4.0,True,True,False,False,False,False,False,False,True,True,False,False,True,True,True,True
Alpha081,NVDA,False,train_ic,False,,,0.9,19.0,-0.0176,-0.019,-0.191,-0.3,-0.0203,-0.0644,0.0225,0.0213,0.2636,-0.5823,-0.134125,-0.209932,0.133005,122,15,2,6,0.33,0.5,5.0,3.0,True,True,False,False,False,False,False,False,True,True,False,False,True,True,True,True
Alpha081,QQQ,False,train_ic,False,,,0.91,19.0,0.004,-0.0009,-0.046,-0.51,0.0597,0.1549,-0.0405,-0.0401,-0.3945,-1.4937,-0.188814,-0.264221,0.207991,190,15,2,6,0.33,0.5,3.0,2.0,True,True,False,False,False,False,True,False,True,True,False,False,True,True,True,True
Alpha081,SPY,False,train_ic,False,,,0.91,19.0,-0.018,-0.0147,-0.215,0.11,-0.0108,-0.0069,0.0108,0.0087,-0.0183,-1.0622,-0.109177,-0.167289,0.199781,182,15,3,6,0.5,0.5,3.0,2.0,True,True,False,False,False,False,False,False,True,True,False,False,True,True,True,True
Alpha081,XAUUSD,False,train_ic,False,,,0.97,74.0,0.0117,0.0117,0.095,-3.06,0.0118,-0.3345,-0.0232,-0.0228,-0.229,-5.1881,-0.61878,-0.632566,0.186782,585,52,1,6,0.17,0.5,6.0,2.5,True,True,False,False,False,False,False,False,False,True,False,False,True,True,True,True
Alpha082,000688.SH,False,train_ic,False,,,0.94,14.0,0.015,0.0237,0.37,-0.64,-0.0363,-0.0809,-0.0254,-0.0254,-0.0394,-1.4057,-0.158277,-0.184841,0.108046,70,11,2,6,0.33,0.5,8.0,3.0,True,True,False,True,True,False,False,False,True,True,False,False,True,True,True,True
Alpha082,AG,False,train_ic,False,,,0.98,40.0,-0.0065,-0.013,0.058,-1.62,-0.013,-0.1722,-0.0151,0.0016,0.0016,-1.503,-0.268864,-0.281027,0.140289,238,29,1,6,0.17,0.5,8.0,4.0,True,True,False,False,False,False,False,False,True,True,False,False,True,True,True,True
Alpha082,AU,False,train_icir,False,,,0.98,40.0,-0.0385,-0.0351,-0.296,-1.05,-0.0482,-0.0851,-0.0685,-0.0588,-0.685,-0.185,-0.028984,-0.1392,0.131742,224,29,2,6,0.33,0.75,6.0,3.0,True,True,True,True,False,False,False,False,True,True,False,True,True,True,True,True
Alpha082,EURUSD,False,validation_performance,False,,,0.99,76.0,-0.1152,-0.0978,-0.789,1.09,-0.1143,-0.012199999999999999,-0.1034,-0.0754,-0.608,0.2553,0.023755,-0.079709,0.134259,420,52,2,6,0.33,1.0,1.5,0.5,True,True,True,True,True,True,False,False,True,True,False,True,True,True,True,True
Alpha082,HSTECH,False,train_ic,False,,,0.95,18.0,-0.013,-0.0202,0.065,-0.8,-0.0126,-0.0259,-0.0356,-0.0427,-0.1854,0.5419,0.084193,-0.169787,0.145594,114,13,2,6,0.33,0.75,9.0,4.0,True,True,False,True,False,False,False,True,True,True,False,True,True,True,True,True
Alpha082,NVDA,False,train_icir,False,,,0.95,21.0,-0.0453,-0.0355,-0.174,0.56,-0.0008,-0.2009,-0.0115,-0.0132,-0.01,-0.1791,-0.047556,-0.123827,0.135742,124,15,2,6,0.33,0.5,5.0,3.0,True,True,True,True,False,True,False,False,True,True,False,False,True,True,True,True
Alpha082,QQQ,False,train_ic,False,,,0.95,21.0,-0.0169,-0.0278,-0.172,-0.32,0.0307,-0.1555,-0.0285,-0.0242,-0.2706,-0.0537,-0.016995,-0.131398,0.135742,124,15,3,6,0.5,0.75,3.0,2.0,True,True,False,True,False,False,False,False,True,True,False,True,True,True,True,True
Alpha082,SPY,False,train_icir,False,,,0.95,21.0,-0.0361,-0.0224,-0.162,-0.49,-0.0051,-0.06860000000000001,-0.0636,-0.052,-0.8174,1.3181,0.162316,-0.088379,0.129174,118,15,2,6,0.33,1.0,3.0,2.0,True,True,True,True,False,False,False,True,True,True,False,True,True,True,True,True
Alpha082,XAUUSD,False,train_icir,False,,,0.99,76.0,-0.0476,-0.0446,-0.284,-0.79,-0.0507,-0.142,-0.0302,-0.0252,-0.2481,-0.9077,-0.15134,-0.221544,0.131066,410,52,2,6,0.33,1.0,6.0,2.5,True,True,True,True,False,False,False,False,True,True,False,True,True,True,True,True
Alpha083,000688.SH,False,train_performance,False,,,0.9,13.0,-0.0351,-0.0316,-0.368,-2.35,-0.0437,-0.0901,-0.0464,-0.0475,-0.4082,-3.1164,-0.241771,-0.241771,0.327969,214,11,0,6,0.0,0.75,8.0,3.0,True,True,True,True,True,False,False,False,True,True,False,True,True,True,True,True
Alpha083,AG,False,train_performance,False,,,0.96,39.0,-0.0519,-0.054,-0.536,-4.22,-0.0468,-0.36219999999999997,-0.0134,-0.01,-0.1031,-5.1886,-0.538742,-0.545575,0.362511,615,29,0,6,0.0,1.0,8.0,4.0,True,True,True,True,True,False,False,False,False,True,False,True,True,True,True,True
Alpha083,AU,False,train_performance,False,,,0.96,39.0,-0.1126,-0.118,-1.25,-2.08,-0.1257,0.0051,-0.1044,-0.1065,-1.1428,-1.3688,-0.176134,-0.215584,0.241379,410,28,0,6,0.0,1.0,6.0,3.0,True,True,True,True,True,False,True,False,True,True,False,True,True,True,True,True
Alpha083,EURUSD,False,validation_performance,False,,,0.97,74.0,-0.3047,-0.3477,-3.396,4.03,-0.2976,-0.0052,-0.3257,-0.359,-4.3739,5.8263,0.839134,-0.043785,0.163633,512,52,5,6,0.83,1.0,1.5,0.5,True,True,True,True,True,True,False,True,True,True,True,True,True,True,True,True
Alpha083,HSTECH,False,train_ic,False,,,0.92,17.0,0.0175,0.0174,0.157,-3.89,-0.0027,-0.265,-0.0132,-0.0005,-0.0031,-4.6633,-0.470728,-0.478529,0.402937,316,13,0,6,0.0,1.0,9.0,4.0,True,True,False,False,False,False,False,False,True,True,False,True,True,True,True,True
Alpha083,NVDA,False,train_ic,False,,,0.93,20.0,-0.0011,-0.0046,0.108,-0.84,-0.0053,-0.042300000000000004,-0.0165,-0.0094,-0.1035,-2.1044,-0.259406,-0.309869,0.394636,360,15,2,6,0.33,0.5,5.0,3.0,True,True,False,False,False,False,False,False,True,True,False,False,True,True,True,True
Alpha083,QQQ,False,train_performance,False,,,0.93,20.0,-0.0536,-0.0534,-0.527,0.22,-0.0396,-0.11470000000000001,-0.0681,-0.0658,-0.6491,0.9094,0.092072,-0.080666,0.194308,178,15,2,6,0.33,1.0,3.0,2.0,True,True,True,True,True,False,False,True,True,True,False,True,True,True,True,True
Alpha083,SPY,False,train_performance,False,,,0.93,20.0,-0.0343,-0.0284,-0.312,-2.24,-0.0742,0.1085,-0.0592,-0.0614,-0.5481,0.6442,0.040834,-0.03365,0.209086,191,15,3,6,0.5,0.75,3.0,2.0,True,True,True,True,True,False,True,True,True,True,False,True,True,True,True,True
Alpha083,XAUUSD,False,train_performance,False,,,0.98,75.0,-0.093,-0.0918,-0.977,-3.81,-0.1215,-0.1606,-0.0909,-0.092,-0.9168,-3.9504,-0.418677,-0.419479,0.385856,1208,52,0,6,0.0,1.0,6.0,2.5,True,True,True,True,True,False,False,False,True,True,False,True,True,True,True,True
Alpha084,000688.SH,False,train_rank_ic,False,,,0.99,16.0,-0.032,-0.0161,-0.128,-0.4,-0.0367,0.0036,-0.0964,-0.0671,-0.7051,1.2255,0.098389,-0.052683,0.097318,64,11,2,6,0.33,0.75,8.0,3.0,True,True,True,False,False,False,True,True,True,True,False,True,True,True,True,True
Alpha084,AG,False,train_performance,False,,,0.98,42.0,-0.0468,-0.0455,-0.511,-1.54,-0.0675,0.1085,-0.0491,-0.0391,-0.447,-1.7589,-0.398848,-0.398848,0.002358,4,28,1,6,0.17,1.0,8.0,4.0,True,True,True,True,True,False,True,False,True,True,False,True,True,True,True,True
Alpha084,AU,False,train_icir,False,,,1.0,42.0,-0.0269,-0.1439,-0.279,-1.41,-0.1117,0.050199999999999995,-0.1378,-0.1416,-1.0299,2.0561,0.140184,-0.020013,0.070144,119,29,5,6,0.83,1.0,6.0,3.0,True,True,True,True,False,False,True,True,True,True,True,True,True,True,True,True
Alpha084,EURUSD,True,,False,2,0.9892,1.0,78.0,-0.3321,-0.3374,-5.663,11.31,-0.3593,0.5296,-0.3524,-0.3448,-6.0625,11.8146,1.293316,-0.006509,0.070243,220,52,6,6,1.0,1.0,1.5,0.5,True,True,True,True,True,True,True,True,True,True,True,True,True,True,True,True
Alpha084,HSTECH,False,train_icir,False,,,0.99,19.0,-0.0416,-0.0329,-0.288,-0.48,0.0071,-0.1784,-0.0331,0.0073,-0.2079,-0.3069,-0.088188,-0.266559,0.038314,30,13,3,6,0.5,1.0,9.0,4.0,True,True,True,True,False,False,False,False,True,True,False,True,True,True,True,True
Alpha084,NVDA,False,train_rank_ic,False,,,0.99,23.0,-0.0312,-0.0147,0.223,0.53,-0.0201,-0.0051,-0.0072,-0.002,0.2152,-0.1279,-0.006051,-0.030411,0.032841,30,15,2,6,0.33,0.25,5.0,3.0,True,True,True,False,False,True,False,False,True,True,False,False,True,True,True,True
Alpha084,QQQ,False,train_icir,False,,,0.99,23.0,-0.0807,-0.0604,-0.081,1.31,-0.011,-0.011899999999999999,0.0045,-0.0632,0.1498,0.0539,0.001389,-0.044422,0.03503,32,15,3,6,0.5,1.0,3.0,2.0,True,True,True,True,False,True,False,False,True,True,False,True,True,True,True,True
Alpha084,SPY,False,train_icir,False,,,0.99,23.0,-0.0553,-0.0869,-0.174,1.42,-0.0554,0.011200000000000002,-0.0671,-0.0839,-0.2626,1.1981,0.051649,-0.015302,0.040504,37,15,4,6,0.67,0.75,3.0,2.0,True,True,True,True,False,True,True,True,True,True,True,True,True,True,True,True
Alpha084,XAUUSD,False,oos_performance,False,,,0.99,78.0,-0.1382,-0.1234,-1.208,3.45,-0.1752,0.3969,-0.1283,-0.0978,-1.4754,-0.8325,-0.16848,-0.252294,0.071679,224,52,6,6,1.0,1.0,6.0,2.5,True,True,True,True,True,True,True,False,True,True,True,True,True,True,True,True
Alpha085,000688.SH,False,train_ic,False,,,0.87,14.0,0.0148,0.0342,0.158,0.0,0.0692,0.0,-0.035,-0.0464,-1.1938,0.0,0.0,0.0,0.0,0,10,0,6,0.0,0.5,8.0,3.0,True,True,False,True,False,False,False,False,True,True,False,False,True,True,True,True
Alpha085,AG,False,train_ic,False,,,0.9,38.0,-0.0071,-0.0064,-0.033,0.0,-0.0345,0.0,-0.0076,-0.014,-0.1836,0.0,0.0,0.0,0.0,0,27,0,6,0.0,0.5,8.0,4.0,True,True,False,False,False,False,False,False,True,True,False,False,True,True,True,True
Alpha085,AU,False,train_ic,False,,,0.86,36.0,0.0058,0.0076,0.096,0.0,0.0649,0.0,-0.0392,-0.0398,-0.2708,0.0,0.0,0.0,0.0,0,25,0,6,0.0,0.75,6.0,3.0,True,True,False,False,False,False,False,False,True,True,False,True,True,True,True,True
Alpha085,EURUSD,False,factor_computable,False,,,0.7,55.0,-0.0005,0.005,0.009,0.0,0.021,0.0,0.0073,0.0124,0.0192,0.0,0.0,0.0,0.0,0,37,0,6,0.0,0.5,1.5,0.5,True,False,False,False,False,False,False,False,True,True,False,False,True,True,True,True
Alpha085,HSTECH,False,train_performance,False,,,0.89,17.0,0.069,0.0559,0.821,0.0,-0.0556,0.0,0.0439,0.0341,0.3596,0.0,0.0,0.0,0.0,0,13,0,6,0.0,1.0,9.0,4.0,True,True,True,True,True,False,False,False,True,True,False,True,True,True,True,True
Alpha085,NVDA,False,train_ic,False,,,0.89,19.0,0.0058,-0.0024,0.057,-1.55,-0.0322,-0.20329999999999998,-0.0087,-0.0068,-0.1911,0.058,-0.017001,-0.334793,0.0,0,15,2,6,0.33,0.5,5.0,3.0,True,True,False,False,False,False,False,False,True,True,False,False,True,True,True,True
Alpha085,QQQ,False,train_ic,False,,,0.87,19.0,-0.0036,-0.0169,-0.19,0.0,-0.007,0.0,0.0053,-0.0064,-0.0092,0.0,0.0,0.0,0.0,0,14,0,6,0.0,0.5,3.0,2.0,True,True,False,False,False,False,False,False,True,True,False,False,True,True,True,True
Alpha085,SPY,False,train_ic,False,,,0.87,19.0,-0.0013,0.0053,-0.063,0.0,0.0539,0.0,-0.0235,-0.0194,-0.1725,0.0,0.0,0.0,0.0,0,14,0,6,0.0,0.5,3.0,2.0,True,True,False,False,False,False,False,False,True,True,False,False,True,True,True,True
Alpha085,XAUUSD,False,train_ic,False,,,0.88,68.0,-0.001,0.0059,-0.029,0.0,0.0142,0.0,0.0003,-0.0021,0.0003,0.0,0.0,0.0,0.0,0,47,0,6,0.0,0.5,6.0,2.5,True,True,False,False,False,False,False,False,True,True,False,False,True,True,True,True
Alpha086,000688.SH,False,train_performance,False,,,0.94,14.0,-0.0392,-0.0331,-0.436,-1.95,0.0385,-0.191,-0.0561,-0.0486,-0.4101,-1.4627,-0.188381,-0.238859,0.331034,216,11,1,6,0.17,1.0,8.0,3.0,True,True,True,True,True,False,False,False,True,True,False,True,True,True,True,True
Alpha086,AG,False,train_ic,False,,,0.98,40.0,-0.0154,-0.0172,-0.164,-2.88,-0.0547,-0.09449999999999999,-0.0291,-0.0253,-0.3,-2.9356,-0.452054,-0.486569,0.336575,571,29,2,6,0.33,1.0,8.0,4.0,True,True,False,False,False,False,False,False,True,True,False,True,True,True,True,True
Alpha086,AU,False,train_performance,False,,,0.98,40.0,-0.0532,-0.0566,-0.551,-2.36,-0.0385,-0.2661,-0.0752,-0.0688,-0.8191,-3.2174,-0.350749,-0.362168,0.330681,561,29,0,6,0.0,0.75,6.0,3.0,True,True,True,True,True,False,False,False,True,True,False,True,True,True,True,True
Alpha086,EURUSD,True,,False,57,0.7435,0.99,76.0,-0.1912,-0.1921,-1.944,6.56,-0.1629,0.3936,-0.1576,-0.1623,-1.8729,6.3579,1.122005,-0.02858,0.27666,866,52,6,6,1.0,1.0,1.5,0.5,True,True,True,True,True,True,True,True,True,True,True,True,True,True,True,True
Alpha086,HSTECH,False,train_ic,False,,,0.95,18.0,0.0054,0.0015,0.059,-2.1,-0.0103,-0.1537,-0.0329,-0.0228,-0.6137,-2.6829,-0.33487,-0.394222,0.342273,268,13,0,6,0.0,0.5,9.0,4.0,True,True,False,False,False,False,False,False,True,True,False,False,True,True,True,True
Alpha086,NVDA,False,train_performance,False,,,0.95,21.0,-0.0506,-0.0544,-0.498,-0.07,-0.0438,-0.1398,-0.0157,-0.0149,-0.2494,-2.2863,-0.356308,-0.380558,0.318008,290,15,2,6,0.33,0.75,5.0,3.0,True,True,True,True,True,False,False,False,True,True,False,True,True,True,True,True
Alpha086,QQQ,False,train_rank_ic,False,,,0.95,21.0,-0.0212,-0.018,-0.206,-0.79,0.0211,-0.0925,-0.0151,-0.0249,-0.0674,-1.1637,-0.148747,-0.212269,0.337165,308,15,2,6,0.33,0.5,3.0,2.0,True,True,True,False,False,False,False,False,True,True,False,False,True,True,True,True
Alpha086,SPY,False,train_ic,False,,,0.95,21.0,-0.0024,0.0013,-0.004,-1.32,-0.0406,-0.0751,0.009,0.0108,0.1581,-2.2973,-0.217451,-0.262451,0.32786,300,15,2,6,0.33,0.75,3.0,2.0,True,True,False,False,False,False,False,False,True,True,False,True,True,True,True,True
Alpha086,XAUUSD,False,train_performance,False,,,0.99,76.0,-0.0415,-0.0433,-0.406,-4.45,-0.0521,-0.33380000000000004,-0.0342,-0.0329,-0.3741,-6.1008,-0.673271,-0.6765,0.321999,1008,52,1,6,0.17,1.0,6.0,2.5,True,True,True,True,True,False,False,False,False,True,False,True,True,True,True,True
Alpha087,000688.SH,False,train_rank_ic,False,,,0.94,14.0,-0.0211,-0.0186,-0.114,-0.76,0.0222,-0.1888,-0.0272,-0.0151,-0.1481,-1.0881,-0.156977,-0.200704,0.24751,162,11,3,6,0.5,0.75,8.0,3.0,True,True,True,False,False,False,False,False,True,True,False,True,True,True,True,True
Alpha087,AG,False,train_performance,False,,,0.98,40.0,-0.0341,-0.0363,-0.311,-0.93,-0.0304,-0.20989999999999998,-0.0395,-0.0382,-0.2783,-1.2183,-0.23119,-0.269043,0.22458,381,29,3,6,0.5,0.75,8.0,4.0,True,True,True,True,True,False,False,False,True,True,False,True,True,True,True,True
Alpha087,AU,False,train_performance,False,,,0.98,40.0,-0.0695,-0.0644,-0.563,-0.34,-0.0792,-0.0962,-0.105,-0.0929,-0.9368,0.5973,0.072741,-0.098946,0.227527,386,29,4,6,0.67,1.0,6.0,3.0,True,True,True,True,True,False,False,True,True,True,True,True,True,True,True,True
Alpha087,EURUSD,True,,False,49,0.846,0.99,76.0,-0.2683,-0.2419,-2.056,10.89,-0.3235,1.2418,-0.2506,-0.2214,-1.8811,10.249,2.467635,-0.020795,0.197158,618,52,6,6,1.0,1.0,1.5,0.5,True,True,True,True,True,True,True,True,True,True,True,True,True,True,True,True
Alpha087,HSTECH,False,train_ic,False,,,0.95,18.0,-0.0091,-0.0124,-0.027,-1.33,0.0343,-0.171,-0.0359,-0.0225,-0.308,-0.9593,-0.180278,-0.301587,0.239464,188,13,1,6,0.17,0.5,9.0,4.0,True,True,False,False,False,False,False,False,True,True,False,False,True,True,True,True
Alpha087,NVDA,False,train_ic,False,,,0.95,21.0,-0.0008,0.0062,0.094,-0.47,-0.0117,0.0098,-0.002,-0.0008,0.0874,-0.8155,-0.165767,-0.189744,0.240285,220,15,2,6,0.33,0.5,5.0,3.0,True,True,False,False,False,False,True,False,True,True,False,False,True,True,True,True
Alpha087,QQQ,False,oos_performance,False,,,0.95,21.0,-0.0794,-0.0751,-0.772,2.78,-0.0388,0.028999999999999998,-0.0227,-0.0176,-0.2663,-0.4322,-0.065206,-0.203547,0.228243,208,15,3,6,0.5,1.0,3.0,2.0,True,True,True,True,True,True,True,False,True,True,False,True,True,True,True,True
Alpha087,SPY,False,walk_forward,False,,,0.95,21.0,-0.0929,-0.0821,-0.906,1.53,-0.0659,0.09820000000000001,-0.0468,-0.0386,-0.5008,0.6871,0.076155,-0.076597,0.225506,206,15,3,6,0.5,1.0,3.0,2.0,True,True,True,True,True,True,True,True,True,True,False,True,True,True,True,True
Alpha087,XAUUSD,True,,False,108,0.4324,0.99,76.0,-0.0883,-0.0774,-0.868,1.06,-0.122,0.30510000000000004,-0.0924,-0.0849,-0.7772,1.6615,0.378621,-0.095378,0.213123,668,52,5,6,0.83,1.0,6.0,2.5,True,True,True,True,True,True,True,True,True,True,True,True,True,True,True,True
Alpha088,000688.SH,False,train_performance,False,,,0.86,13.0,-0.0395,-0.0298,-0.357,-0.27,-0.0416,0.0027,-0.07,-0.0447,-1.258,-0.5927,-0.08625,-0.206018,0.073563,48,11,5,6,0.83,1.0,8.0,3.0,True,True,True,True,True,False,True,False,True,True,True,True,True,True,True,True
Alpha088,AG,False,train_icir,False,,,0.93,38.0,-0.0298,-0.035,-0.266,0.24,-0.0013,-0.012,-0.0196,-0.0356,-0.1939,-0.0509,-0.029273,-0.177213,0.07486,127,28,1,6,0.17,1.0,8.0,4.0,True,True,True,True,False,False,False,False,True,True,False,True,True,True,True,True
Alpha088,AU,False,train_performance,False,,,0.9,36.0,-0.0673,-0.0655,-0.579,0.29,-0.0574,-0.05,-0.0775,-0.0675,-0.5493,-0.7452,-0.077184,-0.095287,0.019157,32,26,2,6,0.33,1.0,6.0,3.0,True,True,True,True,True,False,False,False,True,True,False,True,True,True,True,True
Alpha088,EURUSD,False,factor_computable,False,,,0.74,57.0,-0.2132,-0.2117,-1.754,0.0,-0.1922,0.0,-0.2089,-0.2042,-2.1516,0.0,0.0,0.0,0.0,0,39,0,6,0.0,1.0,1.5,0.5,True,False,True,True,True,False,False,False,True,True,False,True,True,True,True,True
Alpha088,HSTECH,False,train_ic,False,,,0.89,16.0,0.0079,0.0095,0.125,-0.28,-0.0224,-0.0151,0.0071,0.0053,-0.036,-0.9487,-0.122527,-0.147935,0.101533,80,13,2,6,0.33,0.5,9.0,4.0,True,True,False,False,False,False,False,False,True,True,False,False,True,True,True,True
Alpha088,NVDA,False,train_ic,False,,,0.91,19.0,0.0039,0.0042,0.124,-1.15,-0.0301,-0.0964,0.0023,0.0014,0.0898,-2.1163,-0.347465,-0.34865,0.129721,118,15,1,6,0.17,0.25,5.0,3.0,True,True,False,False,False,False,False,False,True,True,False,False,True,True,True,True
Alpha088,QQQ,False,train_ic,False,,,0.89,19.0,-0.0195,-0.0283,-0.128,0.99,-0.0098,-0.1552,-0.0109,-0.0207,-0.0176,-0.0224,-0.018506,-0.150469,0.029557,27,15,4,6,0.67,0.5,3.0,2.0,True,True,False,True,False,True,False,False,True,True,True,False,True,True,True,True
Alpha088,SPY,False,train_performance,False,,,0.89,19.0,-0.0879,-0.0865,-0.787,-0.76,-0.0634,0.1375,-0.0686,-0.0642,-0.6594,0.6431,0.07146,-0.121844,0.098522,90,15,1,6,0.17,1.0,3.0,2.0,True,True,True,True,True,False,True,True,True,True,False,True,True,True,True,True
Alpha088,XAUUSD,True,,False,126,0.308,0.92,71.0,-0.0944,-0.0932,-0.91,0.86,-0.0821,0.026099999999999998,-0.036,-0.0427,-0.3651,1.3297,0.318558,-0.154897,0.025702,80,49,4,6,0.67,1.0,6.0,2.5,True,True,True,True,True,True,True,True,True,True,True,True,True,True,True,True
Alpha089,000688.SH,False,train_performance,True,,,0.99,16.0,-0.0443,-0.0392,-0.474,-1.29,-0.0427,-0.0594,-0.0939,-0.0775,-0.9721,0.8283,0.102603,-0.091888,0.203065,132,11,2,6,0.33,0.75,8.0,3.0,True,True,True,True,True,False,False,True,True,True,False,True,True,True,True,True
Alpha089,AG,False,train_performance,True,,,1.0,42.0,-0.0428,-0.0433,-0.444,-1.07,-0.0684,-0.0067,-0.0659,-0.0656,-0.5365,0.1682,0.017668,-0.144077,0.20837,354,29,4,6,0.67,1.0,8.0,4.0,True,True,True,True,True,False,False,False,True,True,True,True,True,True,True,True
Alpha089,AU,True,,True,69,0.6293,1.0,42.0,-0.1417,-0.1393,-1.41,2.52,-0.167,0.25,-0.1537,-0.1583,-1.5258,2.7946,0.379214,-0.040395,0.196286,333,29,5,6,0.83,1.0,6.0,3.0,True,True,True,True,True,True,True,True,True,True,True,True,True,True,True,True
Alpha089,EURUSD,True,,True,16,0.9558,1.0,78.0,-0.3232,-0.3328,-3.613,16.56,-0.3156,1.2653,-0.3057,-0.3099,-3.4151,16.2184,3.486594,-0.01026,0.184706,578,52,6,6,1.0,1.0,1.5,0.5,True,True,True,True,True,True,True,True,True,True,True,True,True,True,True,True
Alpha089,HSTECH,False,train_performance,True,,,0.99,20.0,-0.0295,-0.0408,-0.316,-2.23,-0.0385,-0.1133,-0.0343,-0.0365,-0.3439,0.0082,-0.01224,-0.156831,0.198595,156,13,2,6,0.33,0.75,9.0,4.0,True,True,True,True,True,False,False,False,True,True,False,True,True,True,True,True
Alpha089,NVDA,False,train_icir,True,,,1.0,23.0,-0.0207,-0.0252,-0.224,-0.43,-0.0409,0.0889,0.0061,0.0033,0.2409,-1.5397,-0.246012,-0.287213,0.20416,186,15,2,6,0.33,0.75,5.0,3.0,True,True,True,True,False,False,True,False,True,True,False,True,True,True,True,True
Alpha089,QQQ,False,walk_forward,True,,,1.0,23.0,-0.0366,-0.0419,-0.318,0.84,-0.0779,0.10980000000000001,-0.0517,-0.0476,-0.4726,0.9784,0.123333,-0.082608,0.195402,178,15,3,6,0.5,0.75,3.0,2.0,True,True,True,True,True,True,True,True,True,True,False,True,True,True,True,True
Alpha089,SPY,False,validation_performance,True,,,1.0,23.0,-0.0898,-0.0974,-0.943,2.18,-0.0071,-0.0385,-0.1017,-0.107,-0.8996,3.1128,0.385356,-0.060253,0.187192,171,15,1,6,0.17,1.0,3.0,2.0,True,True,True,True,True,True,False,True,True,True,False,True,True,True,True,True
Alpha089,XAUUSD,True,,True,86,0.5315,1.0,78.0,-0.1225,-0.1209,-1.144,3.52,-0.1447,0.5135000000000001,-0.1087,-0.1039,-1.0262,2.6682,0.611705,-0.099542,0.199074,624,52,5,6,0.83,1.0,6.0,2.5,True,True,True,True,True,True,True,True,True,True,True,True,True,True,True,True
Alpha090,000688.SH,False,train_ic,True,,,0.94,14.0,0.0099,-0.0026,0.171,-2.01,0.0013,-0.17300000000000001,-0.0899,-0.0858,-0.9621,-5.342,-0.445361,-0.445361,0.25977,170,11,1,6,0.17,0.5,8.0,3.0,True,True,False,False,False,False,False,False,True,True,False,False,True,True,True,True
Alpha090,AG,False,train_performance,True,,,0.98,40.0,-0.0522,-0.0468,-0.479,-1.12,-0.0727,-0.08689999999999999,-0.0546,-0.0438,-0.5017,-0.5325,-0.107089,-0.214781,0.274388,466,29,2,6,0.33,1.0,8.0,4.0,True,True,True,True,True,False,False,False,True,True,False,True,True,True,True,True
Alpha090,AU,True,,True,72,0.6127,0.98,40.0,-0.1418,-0.1392,-1.158,0.56,-0.1599,0.1043,-0.1702,-0.1589,-1.8205,2.0355,0.288262,-0.055537,0.278515,472,29,5,6,0.83,1.0,6.0,3.0,True,True,True,True,True,True,True,True,True,True,True,True,True,True,True,True
Alpha090,EURUSD,True,,True,18,0.952,0.99,76.0,-0.352,-0.3542,-4.598,17.21,-0.3575,1.6649,-0.3381,-0.3359,-3.887,18.1733,4.842048,-0.00691,0.234355,734,52,6,6,1.0,1.0,1.5,0.5,True,True,True,True,True,True,True,True,True,True,True,True,True,True,True,True
Alpha090,HSTECH,False,train_rank_ic,True,,,0.95,18.0,-0.0225,-0.0046,-0.132,-1.65,-0.0153,-0.016,-0.0123,-0.0066,0.0006,-1.9264,-0.292314,-0.362226,0.280971,220,13,1,6,0.17,0.5,9.0,4.0,True,True,True,False,False,False,False,False,True,True,False,False,True,True,True,True
Alpha090,NVDA,False,train_icir,True,,,0.95,21.0,-0.0386,-0.0401,-0.24,0.47,-0.0264,-0.1307,-0.0164,-0.0147,-0.0822,-0.7543,-0.135755,-0.204538,0.28462,260,15,3,6,0.5,0.75,5.0,3.0,True,True,True,True,False,False,False,False,True,True,False,True,True,True,True,True
Alpha090,QQQ,False,validation_performance,True,,,0.95,21.0,-0.0566,-0.0595,-0.934,1.86,0.0052,0.036000000000000004,-0.0721,-0.0813,-0.6583,1.5923,0.200474,-0.057937,0.269294,246,15,6,6,1.0,1.0,3.0,2.0,True,True,True,True,True,True,False,True,True,True,True,True,True,True,True,True
Alpha090,SPY,False,walk_forward,True,,,0.95,21.0,-0.0706,-0.0677,-0.663,1.36,-0.0684,0.0286,-0.0604,-0.0533,-0.5778,0.6396,0.063236,-0.086699,0.271483,248,15,3,6,0.5,1.0,3.0,2.0,True,True,True,True,True,True,True,True,True,True,False,True,True,True,True,True
Alpha090,XAUUSD,True,,True,101,0.4689,0.99,76.0,-0.1199,-0.1206,-1.11,0.6,-0.1377,0.2516,-0.1197,-0.1078,-1.2318,1.5654,0.287683,-0.077064,0.267401,838,52,4,6,0.67,1.0,6.0,2.5,True,True,True,True,True,True,True,True,True,True,True,True,True,True,True,True
Alpha091,000688.SH,False,train_ic,False,,,0.94,14.0,-0.0092,-0.0024,-0.072,-0.89,0.032,-0.1783,0.0266,0.0168,0.2437,-0.8356,-0.109181,-0.171506,0.195402,128,11,2,6,0.33,0.5,8.0,3.0,True,True,False,False,False,False,False,False,True,True,False,False,True,True,True,True
Alpha091,AG,False,train_ic,False,,,0.98,40.0,-0.0038,0.0004,-0.073,-2.34,-0.0122,-0.171,-0.0148,-0.012,-0.045,-2.0155,-0.337048,-0.35255,0.198644,337,29,1,6,0.17,0.75,8.0,4.0,True,True,False,False,False,False,False,False,True,True,False,True,True,True,True,True
Alpha091,AU,False,train_ic,False,,,0.98,40.0,0.0195,0.0234,0.147,-2.19,0.0423,-0.0689,-0.0604,-0.0616,-0.6167,-6.2887,-0.539485,-0.539957,0.207781,352,29,1,6,0.17,0.75,6.0,3.0,True,True,False,True,False,False,False,False,False,True,False,True,True,True,True,True
Alpha091,EURUSD,False,train_ic,False,,,0.99,76.0,-0.0111,-0.0083,-0.046,-1.12,-0.0171,-0.047599999999999996,-0.0097,-0.0116,-0.0617,-1.4589,-0.171175,-0.218607,0.206897,648,52,2,6,0.33,0.75,1.5,0.5,True,True,False,False,False,False,False,False,True,True,False,True,True,True,True,True
Alpha091,HSTECH,False,train_ic,False,,,0.95,18.0,0.0145,0.009,0.117,-1.08,-0.0293,-0.17550000000000002,0.0087,0.0048,0.0696,-2.1857,-0.30808,-0.347158,0.196041,154,13,2,6,0.33,0.5,9.0,4.0,True,True,False,False,False,False,False,False,True,True,False,False,True,True,True,True
Alpha091,NVDA,False,train_ic,False,,,0.95,21.0,-0.0049,-0.0062,-0.022,-0.82,0.0226,-0.196,0.002,-0.0062,0.0011,-1.0368,-0.186447,-0.275512,0.20197,184,15,2,6,0.33,0.5,5.0,3.0,True,True,False,False,False,False,False,False,True,True,False,False,True,True,True,True
Alpha091,QQQ,False,train_icir,False,,,0.95,21.0,0.0225,0.0244,0.196,0.49,0.0352,-0.0218,-0.0433,-0.0399,-0.4982,-2.824,-0.29278,-0.294287,0.200328,183,15,3,6,0.5,0.5,3.0,2.0,True,True,True,True,False,False,False,False,True,True,False,False,True,True,True,True
Alpha091,SPY,False,train_ic,False,,,0.95,21.0,-0.0004,0.0032,0.028,-0.78,-0.0301,0.0245,0.0202,0.0208,0.1569,-1.5614,-0.161529,-0.226478,0.209633,192,15,3,6,0.5,0.5,3.0,2.0,True,True,False,False,False,False,True,False,True,True,False,False,True,True,True,True
Alpha091,XAUUSD,False,train_ic,False,,,0.99,76.0,-0.0017,0.0004,-0.011,-4.34,0.0016,-0.363,0.0027,-0.0034,0.0176,-4.345,-0.525487,-0.544772,0.195881,614,52,0,6,0.0,0.5,6.0,2.5,True,True,False,False,False,False,False,False,False,True,False,False,True,True,True,True
Alpha092,000688.SH,False,train_icir,False,,,0.93,14.0,-0.0314,-0.0255,-0.297,-1.24,-0.047,0.0184,-0.0467,-0.0364,-0.5052,-0.5342,-0.048513,-0.104406,0.104981,68,11,2,6,0.33,0.75,8.0,3.0,True,True,True,True,False,False,True,False,True,True,False,True,True,True,True,True
Alpha092,AG,False,train_performance,False,,,0.96,40.0,-0.0663,-0.0692,-0.691,-0.31,-0.0717,0.06860000000000001,-0.0384,-0.0468,-0.3385,-0.9491,-0.13462,-0.160895,0.095785,162,28,4,6,0.67,1.0,8.0,4.0,True,True,True,True,True,False,True,False,True,True,True,True,True,True,True,True
Alpha092,AU,False,train_performance,False,,,0.97,40.0,-0.1181,-0.1076,-0.987,-0.3,-0.1108,0.0233,-0.1591,-0.1523,-1.3299,1.4571,0.136848,-0.029701,0.097259,165,29,4,6,0.67,1.0,6.0,3.0,True,True,True,True,True,False,True,True,True,True,True,True,True,True,True,True
Alpha092,EURUSD,True,,False,52,0.823,0.94,74.0,-0.2962,-0.2808,-2.788,6.85,-0.2884,0.2291,-0.2786,-0.256,-2.0107,3.7936,0.190566,-0.015468,0.022669,71,49,6,6,1.0,1.0,1.5,0.5,True,True,True,True,True,True,True,True,True,True,True,True,True,True,True,True
Alpha092,HSTECH,False,train_ic,False,,,0.94,18.0,0.0179,0.0158,0.272,-0.12,0.0498,-0.014199999999999999,-0.0472,-0.0485,-0.4678,-3.2753,-0.350846,-0.379365,0.106641,84,13,4,6,0.67,0.75,9.0,4.0,True,True,False,False,False,False,False,False,True,True,True,True,True,True,True,True
Alpha092,NVDA,False,train_icir,False,,,0.95,21.0,-0.0208,-0.0261,-0.273,-0.63,-0.0193,-0.0008,-0.031,-0.0231,-0.2458,-0.3703,-0.06189,-0.192998,0.1341,122,15,4,6,0.67,0.5,5.0,3.0,True,True,True,True,False,False,False,False,True,True,True,False,True,True,True,True
Alpha092,QQQ,False,train_performance,False,,,0.94,21.0,-0.0657,-0.0726,-0.526,0.42,-0.1279,0.132,-0.0445,-0.0536,-0.4916,0.5557,0.064814,-0.094992,0.092501,84,15,3,6,0.5,1.0,3.0,2.0,True,True,True,True,True,False,True,True,True,True,False,True,True,True,True,True
Alpha092,SPY,False,walk_forward,False,,,0.94,21.0,-0.0748,-0.0784,-0.721,1.0,-0.0559,0.0333,-0.116,-0.1027,-0.7451,2.5758,0.260402,-0.073986,0.103996,95,15,3,6,0.5,1.0,3.0,2.0,True,True,True,True,True,True,True,True,True,True,False,True,True,True,True,True
Alpha092,XAUUSD,True,,False,92,0.4996,0.98,75.0,-0.1189,-0.1119,-1.141,1.71,-0.1564,0.2923,-0.1056,-0.0882,-1.0523,1.3369,0.165519,-0.069751,0.086367,270,52,6,6,1.0,1.0,6.0,2.5,True,True,True,True,True,True,True,True,True,True,True,True,True,True,True,True
Alpha093,000688.SH,False,train_performance,False,,,0.94,14.0,0.0228,0.0233,0.421,-0.75,0.0077,-0.018500000000000003,-0.0619,-0.0404,-0.1361,-2.1245,-0.09902,-0.10144,0.018391,12,11,2,6,0.33,0.75,8.0,3.0,True,True,True,True,True,False,False,False,True,True,False,True,True,True,True,True
Alpha093,AG,False,train_rank_ic,False,,,0.98,40.0,-0.021,-0.0134,0.127,-0.03,-0.011,-0.065,0.0077,-0.0198,0.5691,-0.7991,-0.043131,-0.057605,0.018862,32,29,2,6,0.33,0.75,8.0,4.0,True,True,True,False,False,False,False,False,True,True,False,True,True,True,True,True
Alpha093,AU,False,train_ic,False,,,0.98,40.0,-0.006,-0.0713,-0.119,-1.68,0.0214,-0.0015,-0.018,-0.0744,-0.035,0.0039,-0.000603,-0.024111,0.015915,27,29,3,6,0.5,0.5,6.0,3.0,True,True,False,True,False,False,False,False,True,True,False,False,True,True,True,True
Alpha093,EURUSD,False,train_ic,False,,,0.99,76.0,-0.0136,-0.1301,-0.436,-1.27,-0.0135,-0.0039000000000000003,-0.0231,-0.1197,-0.2439,-1.5813,-0.047059,-0.061478,0.02235,70,52,4,6,0.67,1.0,1.5,0.5,True,True,False,True,True,False,False,False,True,True,True,True,True,True,True,True
Alpha093,HSTECH,False,train_ic,False,,,0.95,18.0,-0.0032,-0.0047,0.664,-1.22,0.0488,-0.0692,0.0123,0.0302,1.1754,-1.2872,-0.096684,-0.133666,0.02682,21,13,0,6,0.0,0.5,9.0,4.0,True,True,False,False,True,False,False,False,True,True,False,False,True,True,True,True
Alpha093,NVDA,False,train_ic,False,,,0.95,21.0,-0.0166,-0.0077,0.305,0.28,-0.0335,-0.0291,-0.0067,0.0075,0.6591,0.0118,-0.00095,-0.064575,0.020799,19,15,3,6,0.5,0.25,5.0,3.0,True,True,False,False,True,False,False,False,True,True,False,False,True,True,True,True
Alpha093,QQQ,False,train_icir,False,,,0.95,21.0,-0.0275,0.0276,0.189,0.53,-0.0295,0.0425,0.02,-0.0244,0.1023,0.4494,0.01955,-0.039234,0.017515,16,15,5,6,0.83,0.75,3.0,2.0,True,True,True,True,False,True,True,False,True,True,True,True,True,True,True,True
Alpha093,SPY,False,train_ic,False,,,0.95,21.0,-0.0033,-0.0342,0.151,1.1,0.0405,0.0383,0.0365,0.0048,0.1091,-1.41,-0.041134,-0.041968,0.01861,17,15,3,6,0.5,0.5,3.0,2.0,True,True,False,True,False,True,False,False,True,True,False,False,True,True,True,True
Alpha093,XAUUSD,False,train_ic,False,,,0.99,76.0,0.0029,-0.052,0.191,-2.26,-0.0129,-0.07339999999999999,-0.0173,-0.0263,-0.0107,-2.2387,-0.11777,-0.126297,0.016124,50,52,1,6,0.17,0.75,6.0,2.5,True,True,False,True,False,False,False,False,True,True,False,True,True,True,True,True
Alpha094,000688.SH,False,train_icir,True,,,0.94,14.0,-0.0377,-0.0323,-0.115,0.09,0.0086,-0.1056,-0.0077,-0.0168,0.1524,-1.893,-0.234646,-0.272114,0.203831,133,11,1,6,0.17,0.75,8.0,3.0,True,True,True,True,False,False,False,False,True,True,False,True,True,True,True,True
Alpha094,AG,False,train_icir,True,,,0.98,40.0,-0.0403,-0.0391,-0.193,-0.86,-0.0696,-0.0418,-0.0468,-0.0648,-0.1346,-0.6316,-0.124283,-0.197085,0.17654,300,29,2,6,0.33,1.0,8.0,4.0,True,True,True,True,False,False,False,False,True,True,False,True,True,True,True,True
Alpha094,AU,True,,True,78,0.587,0.98,40.0,-0.1068,-0.1078,-0.815,1.03,-0.1287,0.1378,-0.14,-0.1293,-1.6452,2.2298,0.285209,-0.052235,0.174477,296,29,4,6,0.67,1.0,6.0,3.0,True,True,True,True,True,True,True,True,True,True,True,True,True,True,True,True
Alpha094,EURUSD,True,,True,12,0.9634,0.98,76.0,-0.2769,-0.2833,-3.199,8.14,-0.2663,0.6697,-0.2788,-0.2749,-3.0456,9.5553,1.784601,-0.014102,0.130747,410,52,6,6,1.0,1.0,1.5,0.5,True,True,True,True,True,True,True,True,True,True,True,True,True,True,True,True
Alpha094,HSTECH,False,train_ic,True,,,0.95,18.0,-0.0088,-0.0193,0.096,-1.92,-0.0204,-0.1409,-0.0375,-0.0202,-0.064,-0.5732,-0.1137,-0.197126,0.192848,151,13,2,6,0.33,0.5,9.0,4.0,True,True,False,False,False,False,False,False,True,True,False,False,True,True,True,True
Alpha094,NVDA,False,train_icir,True,,,0.95,21.0,-0.0253,-0.0352,-0.068,-0.52,-0.0086,-0.14300000000000002,-0.0273,-0.0257,-0.041,-0.2319,-0.053456,-0.199737,0.190476,174,15,2,6,0.33,0.75,5.0,3.0,True,True,True,True,False,False,False,False,True,True,False,True,True,True,True,True
Alpha094,QQQ,True,,True,125,0.314,0.95,21.0,-0.056,-0.0581,-0.633,1.23,-0.0672,0.11710000000000001,-0.0566,-0.0643,-0.3738,1.0564,0.134257,-0.074385,0.196497,180,15,4,6,0.67,1.0,3.0,2.0,True,True,True,True,True,True,True,True,True,True,True,True,True,True,True,True
Alpha094,SPY,False,validation_performance,True,,,0.95,21.0,-0.0525,-0.0543,-0.34,0.68,-0.0214,-0.036699999999999997,-0.0707,-0.0653,-0.4229,1.288,0.144474,-0.087444,0.165298,151,15,1,6,0.17,1.0,3.0,2.0,True,True,True,True,True,True,False,True,True,True,False,True,True,True,True,True
Alpha094,XAUUSD,True,,True,98,0.4839,0.99,76.0,-0.0961,-0.1022,-0.89,1.74,-0.1222,0.2546,-0.1116,-0.1113,-1.1547,1.7086,0.331784,-0.064735,0.170658,534,52,4,6,0.67,1.0,6.0,2.5,True,True,True,True,True,True,True,True,True,True,True,True,True,True,True,True
Alpha095,000688.SH,False,train_ic,False,,,0.93,14.0,-0.004,-0.0119,-0.024,-1.61,0.0189,-0.0705,-0.0615,-0.053,-0.6026,-1.0015,-0.131625,-0.159471,0.114943,75,11,0,6,0.0,0.5,8.0,3.0,True,True,False,False,False,False,False,False,True,True,False,False,True,True,True,True
Alpha095,AG,False,train_ic,False,,,0.97,40.0,-0.0121,-0.0135,-0.018,-0.8,-0.0459,0.1217,-0.0409,-0.0411,-0.2593,0.0219,-0.010151,-0.195177,0.111995,190,29,2,6,0.33,0.75,8.0,4.0,True,True,False,False,False,False,True,False,True,True,False,True,True,True,True,True
Alpha095,AU,False,train_icir,False,,,0.97,40.0,-0.0238,-0.0239,-0.205,-1.11,-0.0232,-0.0045000000000000005,-0.0493,-0.0533,-0.4938,-0.2146,-0.035376,-0.157,0.118184,200,29,2,6,0.33,0.75,6.0,3.0,True,True,True,True,False,False,False,False,True,True,False,True,True,True,True,True
Alpha095,EURUSD,True,,False,112,0.4107,0.99,76.0,-0.1148,-0.1163,-0.911,3.09,-0.0843,0.0642,-0.107,-0.1073,-0.6533,2.0405,0.278648,-0.086636,0.106003,332,52,6,6,1.0,1.0,1.5,0.5,True,True,True,True,True,True,True,True,True,True,True,True,True,True,True,True
Alpha095,HSTECH,False,train_ic,False,,,0.94,18.0,-0.013,-0.0125,-0.111,-0.62,-0.0102,0.027999999999999997,-0.0182,-0.0148,-0.0126,-0.8637,-0.149775,-0.183828,0.134738,106,13,1,6,0.17,0.5,9.0,4.0,True,True,False,False,False,False,True,False,True,True,False,False,True,True,True,True
Alpha095,NVDA,False,validation_performance,False,,,0.95,21.0,-0.0452,-0.042,-0.371,0.78,-0.0165,-0.1276,0.0042,0.0024,0.1675,-1.06,-0.198224,-0.265114,0.139026,127,15,1,6,0.17,0.75,5.0,3.0,True,True,True,True,True,True,False,False,True,True,False,True,True,True,True,True
Alpha095,QQQ,False,train_ic,False,,,0.95,21.0,-0.0034,-0.0063,-0.06,-0.77,-0.025,-0.0273,-0.0214,-0.0265,-0.1445,0.1317,0.009022,-0.153929,0.129174,118,15,3,6,0.5,0.75,3.0,2.0,True,True,False,False,False,False,False,False,True,True,False,True,True,True,True,True
Alpha095,SPY,False,oos_performance,False,,,0.95,21.0,-0.0315,-0.0352,-0.312,0.76,-0.0163,0.0919,-0.0177,-0.0192,-0.0973,-0.3778,-0.051699,-0.159945,0.124795,114,15,3,6,0.5,0.75,3.0,2.0,True,True,True,True,True,True,True,False,True,True,False,True,True,True,True,True
Alpha095,XAUUSD,False,train_icir,False,,,0.99,76.0,-0.0344,-0.0345,-0.284,-0.59,-0.0505,-0.0086,-0.0414,-0.0391,-0.3227,-0.7305,-0.143726,-0.234267,0.118455,371,52,2,6,0.33,1.0,6.0,2.5,True,True,True,True,False,False,False,False,True,True,False,True,True,True,True,True
Alpha096,000688.SH,False,factor_computable,False,,,0.05,1.0,0.0104,0.0104,,0.0,-0.1628,0.0,-0.0047,-0.038,,0.0,0.0,0.0,0.0,0,1,0,6,0.0,0.5,8.0,3.0,True,False,False,False,False,False,False,False,True,True,False,False,True,True,True,True
Alpha096,AG,False,factor_computable,False,,,0.03,2.0,0.0092,0.0027,0.661,0.0,0.3826,0.0,-0.0986,-0.0021,,0.0,0.0,0.0,0.0,0,1,0,6,0.0,0.5,8.0,4.0,True,False,False,False,True,False,False,False,True,True,False,False,True,True,True,True
Alpha096,AU,False,factor_computable,False,,,0.04,1.0,0.1484,0.1462,,0.0,-0.0233,0.0,0.0387,0.003,0.129,0.0,0.0,0.0,0.0,0,2,0,6,0.0,0.5,6.0,3.0,True,False,True,True,False,False,False,False,True,True,False,False,True,True,True,True
Alpha096,EURUSD,False,factor_computable,False,,,0.0,0.0,,,,0.0,-0.0,0.0,0.279,0.3463,,0.0,0.0,0.0,0.0,0,0,0,6,0.0,,1.5,0.5,True,False,False,False,False,False,False,False,True,True,False,False,True,True,True,True
Alpha096,HSTECH,False,factor_computable,False,,,0.05,1.0,0.0684,0.1079,,0.0,0.1668,0.0,0.1277,0.1094,,0.0,0.0,0.0,0.0,0,1,0,6,0.0,1.0,9.0,4.0,True,False,True,True,False,False,False,False,True,True,False,True,True,True,True,True
Alpha096,NVDA,False,factor_computable,False,,,0.02,1.0,-0.0682,-0.0313,,0.0,0.1495,0.0,,,,0.0,0.0,0.0,0.0,0,0,0,6,0.0,1.0,5.0,3.0,True,False,True,True,False,False,False,False,True,True,False,True,True,True,True,True
Alpha096,QQQ,False,factor_computable,False,,,0.03,1.0,-0.0689,-0.04,,0.0,0.4223,0.0,-0.0704,-0.0529,,0.0,0.0,0.0,0.0,0,1,0,6,0.0,0.75,3.0,2.0,True,False,True,True,False,False,False,False,True,True,False,True,True,True,True,True
Alpha096,SPY,False,factor_computable,False,,,0.02,1.0,0.0195,-0.0115,,0.0,0.9093,0.0,0.0387,0.0852,,0.0,0.0,0.0,0.0,0,1,0,6,0.0,0.33,3.0,2.0,True,False,False,False,False,False,False,False,True,True,False,False,True,True,True,True
Alpha096,XAUUSD,False,factor_computable,False,,,0.01,1.0,-0.0737,-0.1133,,0.0,0.1535,0.0,-0.1706,-0.1434,,0.0,0.0,0.0,0.0,0,1,0,6,0.0,0.75,6.0,2.5,True,False,True,True,False,False,False,False,True,True,False,True,True,True,True,True
Alpha097,000688.SH,False,factor_computable,False,,,0.34,6.0,-0.0535,-0.0479,-0.633,0.0,-0.1006,0.0,-0.0966,-0.078,-0.9742,0.0,0.0,0.0,0.0,0,5,0,6,0.0,0.75,8.0,3.0,True,False,True,True,True,False,False,False,True,True,False,True,True,True,True,True
Alpha097,AG,False,factor_computable,False,,,0.35,13.0,-0.0122,-0.0103,-0.103,0.0,0.0062,0.0,-0.0434,-0.0375,-0.3307,0.0,0.0,0.0,0.0,0,12,0,6,0.0,0.75,8.0,4.0,True,False,False,False,False,False,False,False,True,True,False,True,True,True,True,True
Alpha097,AU,False,factor_computable,False,,,0.14,5.0,-0.0265,-0.0393,-0.223,0.0,-0.0739,0.0,-0.0528,-0.0562,-0.1474,0.0,0.0,0.0,0.0,0,6,0,6,0.0,0.75,6.0,3.0,True,False,True,True,False,False,False,False,True,True,False,True,True,True,True,True
Alpha097,EURUSD,False,factor_computable,False,,,0.0,0.0,-0.1386,-0.1525,,0.0,,0.0,0.021,-0.0824,,0.0,0.0,0.0,0.0,0,0,0,6,0.0,0.33,1.5,0.5,True,False,True,True,False,False,False,False,True,True,False,False,True,True,True,True
Alpha097,HSTECH,False,factor_computable,False,,,0.4,7.0,-0.0593,-0.0634,-0.376,0.0,0.0052,0.0,-0.0562,-0.0643,-0.1926,0.0,0.0,0.0,0.0,0,6,0,6,0.0,0.75,9.0,4.0,True,False,True,True,True,False,False,False,True,True,False,True,True,True,True,True
Alpha097,NVDA,False,factor_computable,False,,,0.38,9.0,-0.0338,-0.0301,-0.017,0.0,0.0725,0.0,-0.016,-0.0131,-0.0623,0.0,0.0,0.0,0.0,0,6,0,6,0.0,0.25,5.0,3.0,True,False,True,True,False,False,False,False,True,True,False,False,True,True,True,True
Alpha097,QQQ,False,factor_computable,False,,,0.27,6.0,-0.0809,-0.0882,-0.841,0.0,-0.0356,0.0,0.004,0.0123,-0.8145,0.0,0.0,0.0,0.0,0,3,0,6,0.0,0.75,3.0,2.0,True,False,True,True,True,False,False,False,True,True,False,True,True,True,True,True
Alpha097,SPY,False,factor_computable,False,,,0.28,6.0,-0.0345,-0.0334,-0.086,0.0,-0.1053,0.0,0.03,0.0385,0.6196,0.0,0.0,0.0,0.0,0,6,0,6,0.0,0.75,3.0,2.0,True,False,True,True,False,False,False,False,True,True,False,True,True,True,True,True
Alpha097,XAUUSD,False,factor_computable,False,,,0.2,14.0,-0.004,-0.0085,0.011,0.0,-0.0089,0.0,-0.01,-0.0072,-0.1023,0.0,0.0,0.0,0.0,0,12,0,6,0.0,0.25,6.0,2.5,True,False,False,False,False,False,False,False,True,True,False,False,True,True,True,True
Alpha098,000688.SH,False,train_performance,False,,,0.89,13.0,0.0216,0.0242,0.317,0.16,0.0011,-0.1152,0.0221,0.0243,0.1753,-0.544,-0.081294,-0.120841,0.159387,104,11,3,6,0.5,0.5,8.0,3.0,True,True,True,True,True,False,False,False,True,True,False,False,True,True,True,True
Alpha098,AG,False,train_rank_ic,False,,,0.96,39.0,-0.0211,-0.0136,-0.22,-1.14,-0.0079,-0.19949999999999998,-0.0014,0.0003,-0.0906,-2.1354,-0.347512,-0.365555,0.134984,229,29,1,6,0.17,0.75,8.0,4.0,True,True,True,False,False,False,False,False,True,True,False,True,True,True,True,True
Alpha098,AU,False,train_ic,False,,,0.96,39.0,-0.003,-0.0023,0.009,-2.27,0.0376,-0.2394,-0.0166,-0.0198,-0.1854,-1.8933,-0.227679,-0.299292,0.139699,237,29,1,6,0.17,0.5,6.0,3.0,True,True,False,False,False,False,False,False,True,True,False,False,True,True,True,True
Alpha098,EURUSD,False,train_ic,False,,,0.98,75.0,-0.0105,-0.0076,-0.048,-0.24,0.0154,-0.1273,0.0018,0.0058,-0.0064,-1.4673,-0.164032,-0.168702,0.132344,414,52,2,6,0.33,0.5,1.5,0.5,True,True,False,False,False,False,False,False,True,True,False,False,True,True,True,True
Alpha098,HSTECH,False,train_ic,False,,,0.91,16.0,0.0175,0.018,0.088,-1.0,-0.0616,-0.2536,0.0245,0.0249,0.2381,-0.2845,-0.059087,-0.250951,0.141762,111,13,2,6,0.33,0.75,9.0,4.0,True,True,False,False,False,False,False,False,True,True,False,True,True,True,True,True
Alpha098,NVDA,False,train_ic,False,,,0.92,20.0,-0.0045,-0.0025,-0.106,-0.68,-0.0136,0.0446,0.0308,0.034,0.2767,-2.143,-0.329973,-0.390698,0.130268,119,15,1,6,0.17,0.5,5.0,3.0,True,True,False,False,False,False,True,False,True,True,False,False,True,True,True,True
Alpha098,QQQ,False,train_rank_ic,False,,,0.92,20.0,0.0244,0.0163,0.26,0.24,-0.052,-0.1503,0.0063,-0.0004,0.0678,-1.0086,-0.128679,-0.186468,0.149425,136,15,4,6,0.67,0.75,3.0,2.0,True,True,True,False,False,False,False,False,True,True,True,True,True,True,True,True
Alpha098,SPY,False,train_ic,False,,,0.92,20.0,-0.0135,-0.0071,-0.18,-0.23,-0.0141,0.0002,-0.0087,-0.0099,-0.1167,0.0579,0.000413,-0.112553,0.137931,126,15,5,6,0.83,0.75,3.0,2.0,True,True,False,False,False,False,True,False,True,True,True,True,True,True,True,True
Alpha098,XAUUSD,False,train_ic,False,,,0.98,75.0,0.0097,0.0125,0.105,-1.43,0.0127,-0.1912,-0.0078,-0.015,-0.0569,-4.3545,-0.497329,-0.51202,0.135856,426,52,2,6,0.33,0.5,6.0,2.5,True,True,False,False,False,False,False,False,False,True,False,False,True,True,True,True
Alpha099,000688.SH,False,train_icir,False,,,0.94,14.0,-0.0236,-0.027,-0.251,0.7,0.004,-0.039599999999999996,0.0022,-0.0042,-0.2323,0.3485,0.033161,-0.094902,0.181609,118,11,4,6,0.67,0.75,8.0,3.0,True,True,True,True,False,True,False,False,True,True,True,True,True,True,True,True
Alpha099,AG,False,train_ic,False,,,0.98,40.0,-0.0005,-0.0017,-0.036,-2.91,0.0174,-0.2737,-0.0238,-0.0275,-0.3115,-1.7478,-0.282768,-0.312489,0.188329,320,29,1,6,0.17,0.25,8.0,4.0,True,True,False,False,False,False,False,False,True,True,False,False,True,True,True,True
Alpha099,AU,False,train_ic,False,,,0.98,40.0,0.0113,0.0104,0.102,-2.67,0.0296,-0.1008,-0.0007,-0.0023,0.1021,-2.285,-0.274511,-0.292151,0.195402,332,29,0,6,0.0,0.75,6.0,3.0,True,True,False,False,False,False,False,False,True,True,False,True,True,True,True,True
Alpha099,EURUSD,False,train_ic,False,,,0.99,76.0,-0.0143,-0.0158,-0.086,-1.27,-0.0121,-0.0351,-0.0171,-0.0177,-0.1387,-1.0653,-0.123681,-0.150427,0.205939,645,52,1,6,0.17,0.75,1.5,0.5,True,True,False,False,False,False,False,False,True,True,False,True,True,True,True,True
Alpha099,HSTECH,False,train_icir,False,,,0.95,18.0,0.0228,0.0242,0.14,-0.5,0.0134,-0.1766,0.0042,-0.0019,0.1585,-1.0207,-0.171951,-0.233176,0.185185,145,13,1,6,0.17,0.5,9.0,4.0,True,True,True,True,False,False,False,False,True,True,False,False,True,True,True,True
Alpha099,NVDA,False,train_ic,False,,,0.95,21.0,-0.0146,-0.0163,-0.385,-1.46,-0.0471,-0.0286,0.0045,0.0077,-0.075,-0.7135,-0.139213,-0.191444,0.179529,164,15,4,6,0.67,0.75,5.0,3.0,True,True,False,False,True,False,False,False,True,True,True,True,True,True,True,True
Alpha099,QQQ,False,train_ic,False,,,0.95,21.0,0.0006,-0.0022,-0.095,-0.66,0.0305,0.06269999999999999,-0.0144,-0.0179,-0.1349,-1.2376,-0.14463,-0.146706,0.19595,179,15,3,6,0.5,0.5,3.0,2.0,True,True,False,False,False,False,True,False,True,True,False,False,True,True,True,True
Alpha099,SPY,False,train_ic,False,,,0.95,21.0,-0.0087,-0.0112,-0.106,0.22,-0.0112,-0.0516,-0.034,-0.0357,-0.3996,0.2511,0.022094,-0.092801,0.197592,180,15,3,6,0.5,0.75,3.0,2.0,True,True,False,False,False,False,False,False,True,True,False,True,True,True,True,True
Alpha099,XAUUSD,False,train_ic,False,,,0.99,76.0,0.0035,0.0047,-0.013,-3.6,-0.0499,-0.3818,-0.0352,-0.0345,-0.3917,-6.0732,-0.667408,-0.678736,0.198436,622,52,0,6,0.0,0.5,6.0,2.5,True,True,False,False,False,False,False,False,False,True,False,False,True,True,True,True
Alpha100,000688.SH,False,train_performance,False,,,0.9,13.0,-0.0545,-0.0475,-0.541,-1.42,-0.1074,-0.0111,-0.0599,-0.0479,-0.4539,-1.755,-0.195169,-0.244397,0.334866,218,11,2,6,0.33,1.0,8.0,3.0,True,True,True,True,True,False,False,False,True,True,False,True,True,True,True,True
Alpha100,AG,False,train_performance,False,,,0.96,39.0,-0.062,-0.0548,-0.549,-2.49,-0.0425,-0.1766,-0.0329,-0.036,-0.3715,-3.5427,-0.436651,-0.445273,0.326555,554,29,0,6,0.0,1.0,8.0,4.0,True,True,True,True,True,False,False,False,True,True,False,True,True,True,True,True
Alpha100,AU,False,train_performance,False,,,0.96,39.0,-0.0822,-0.0913,-1.067,-1.84,-0.0483,-0.1885,-0.0837,-0.073,-0.776,-3.1044,-0.299431,-0.310507,0.336575,571,29,1,6,0.17,1.0,6.0,3.0,True,True,True,True,True,False,False,False,True,True,False,True,True,True,True,True
Alpha100,EURUSD,True,,False,53,0.7996,0.98,75.0,-0.1759,-0.1868,-2.567,8.12,-0.1929,0.4322,-0.1677,-0.1692,-1.983,7.7156,0.925954,-0.016304,0.323914,1014,52,6,6,1.0,1.0,1.5,0.5,True,True,True,True,True,True,True,True,True,True,True,True,True,True,True,True
Alpha100,HSTECH,False,train_ic,False,,,0.92,17.0,0.015,0.0073,0.132,-2.66,-0.0332,-0.2641,-0.0527,-0.0526,-0.4135,-4.3302,-0.454927,-0.455769,0.295019,231,13,1,6,0.17,1.0,9.0,4.0,True,True,False,False,False,False,False,False,True,True,False,True,True,True,True,True
Alpha100,NVDA,False,train_icir,False,,,0.93,20.0,-0.0201,-0.0341,-0.098,-0.73,-0.0354,-0.0633,-0.0111,-0.0135,-0.0115,-2.5633,-0.327294,-0.335826,0.363437,332,15,1,6,0.17,0.5,5.0,3.0,True,True,True,True,False,False,False,False,True,True,False,False,True,True,True,True
Alpha100,QQQ,False,train_performance,False,,,0.93,20.0,-0.033,-0.0319,-0.364,0.34,-0.0029,-0.0992,-0.0534,-0.0545,-0.4581,-0.4861,-0.067696,-0.165187,0.29064,266,15,4,6,0.67,1.0,3.0,2.0,True,True,True,True,True,False,False,False,True,True,True,True,True,True,True,True
Alpha100,SPY,False,train_performance,False,,,0.93,20.0,-0.0554,-0.0458,-0.545,-0.55,-0.0438,-0.0225,-0.0434,-0.0522,-0.3131,-0.0549,-0.01046,-0.092148,0.35249,322,15,3,6,0.5,1.0,3.0,2.0,True,True,True,True,True,False,False,False,True,True,False,True,True,True,True,True
Alpha100,XAUUSD,False,train_performance,False,,,0.98,75.0,-0.0592,-0.0579,-0.671,-3.88,-0.0702,-0.1666,-0.0685,-0.0712,-0.779,-3.1431,-0.408244,-0.424263,0.341315,1069,52,0,6,0.0,1.0,6.0,2.5,True,True,True,True,True,False,False,False,True,True,False,True,True,True,True,True
Alpha101,000688.SH,False,train_performance,True,,,1.0,17.0,0.0543,0.0671,0.529,-0.53,0.0575,-0.0794,0.0666,0.0993,0.6238,0.4848,0.058954,-0.120277,0.468966,306,11,2,6,0.33,0.75,8.0,3.0,True,True,True,True,True,False,False,False,True,True,False,True,True,True,True,True
Alpha101,AG,False,train_performance,True,,,1.0,43.0,0.0604,0.1043,0.314,-1.39,0.0626,-0.0974,0.0394,0.0856,0.3595,-2.7397,-0.43151,-0.472742,0.469791,797,29,2,6,0.33,1.0,8.0,4.0,True,True,True,True,True,False,False,False,True,True,False,True,True,True,True,True
Alpha101,AU,True,,True,75,0.6022,1.0,43.0,0.1525,0.1968,1.463,2.14,0.1477,0.2107,0.1582,0.2009,1.5768,3.2539,0.566379,-0.050471,0.425287,722,29,5,6,0.83,1.0,6.0,3.0,True,True,True,True,True,True,True,True,True,True,True,True,True,True,True,True
Alpha101,EURUSD,True,,True,31,0.9232,1.0,78.0,0.4108,0.4137,5.787,22.46,0.3961,2.5077000000000003,0.4052,0.4167,4.8837,24.0543,11.780024,-0.004705,0.311143,974,52,6,6,1.0,1.0,1.5,0.5,True,True,True,True,True,True,True,True,True,True,True,True,True,True,True,True
Alpha101,HSTECH,False,train_ic,True,,,1.0,20.0,0.0049,0.0414,-0.013,-2.09,0.0306,-0.1471,0.0329,0.0776,0.3564,-1.4711,-0.23921,-0.291927,0.478289,374,13,1,6,0.17,0.5,9.0,4.0,True,True,False,True,False,False,False,False,True,True,False,False,True,True,True,True
Alpha101,NVDA,False,train_icir,True,,,1.0,23.0,0.0226,0.0582,0.152,0.37,0.041,0.053,0.0064,0.0495,-0.1005,-0.6142,-0.124031,-0.187131,0.469075,428,15,4,6,0.67,0.5,5.0,3.0,True,True,True,True,False,False,True,False,True,True,True,False,True,True,True,True
Alpha101,QQQ,True,,True,120,0.34,1.0,23.0,0.0613,0.1014,0.557,2.9,0.0445,0.2606,0.0688,0.1038,0.6335,2.9028,0.469743,-0.039075,0.463602,424,15,6,6,1.0,1.0,3.0,2.0,True,True,True,True,True,True,True,True,True,True,True,True,True,True,True,True
Alpha101,SPY,True,,True,114,0.3889,1.0,23.0,0.0571,0.0936,0.527,1.29,0.0751,0.1757,0.0805,0.1203,0.6864,2.911,0.386073,-0.054735,0.445539,407,15,4,6,0.67,0.75,3.0,2.0,True,True,True,True,True,True,True,True,True,True,True,True,True,True,True,True
Alpha101,XAUUSD,True,,True,87,0.5307,1.0,78.0,0.1237,0.1648,1.216,2.89,0.1362,0.4318,0.1224,0.1607,1.1234,2.9091,0.63441,-0.060332,0.43311,1356,52,6,6,1.0,1.0,6.0,2.5,True,True,True,True,True,True,True,True,True,True,True,True,True,True,True,True
